公司代號,公司名稱,備註,上月比較增減(%),上月營收,去年同月增減(%),去年當月營收,當月營收,前期比較增減(%),去年累計營收,當月累計營收,date
1101,台泥,-,-2.88,10178622,-3.36,10228796,9885013,-6.37,77441616,72503345,2020-09
1102,亞泥,-,-1.7,6798878,-7.22,7203378,6683133,-19.56,58814366,47307654,2020-09
1103,嘉泥,-,-11.86,173129,-6.02,162363,152585,8.76,1211851,1318033,2020-09
1104,環泥,-,-23.06,477040,-3.53,380445,366990,8.71,3160150,3435661,2020-09
1108,幸福,-,-4.47,384035,22.87,298541,366847,26.85,2347192,2977578,2020-09
1109,信大,-,-4.64,656183,-14.03,727862,625696,-7.35,4897910,4537827,2020-09
1110,東泥,-,-20.86,124643,-18.15,120521,98636,-2.27,1016890,993770,2020-09
1201,味全,-,8.11,1720915,-7.47,2010851,1860519,-10.73,13635540,12171137,2020-09
1203,味王,-,3.89,490401,-11.17,573610,509509,-3.63,4204042,4051015,2020-09
1210,大成,-,5.83,6397684,-2.25,6927433,6771132,-1.06,50656618,50115919,2020-09
1213,大飲,-,20.25,53900,27.43,50864,64820,-16.46,341430,285217,2020-09
1215,卜蜂,-,0.38,1884932,3.08,1835593,1892166,4.93,13766503,14446191,2020-09
1216,統一,-,1.73,40509558,-0.27,41324567,41212854,-1.11,303861038,300458957,2020-09
1217,愛之味,-,48.7,430161,0.26,637949,639670,1.48,3173089,3220304,2020-09
1218,泰山,-,2.64,831903,2.48,833163,853882,3.62,5414254,5610479,2020-09
1219,福壽,-,-0.51,980279,-2.45,999824,975254,-2.2,8050290,7872797,2020-09
1220,台榮,-,-1.66,264847,-0.54,261871,260431,-4.18,1845748,1768466,2020-09
1225,福懋油,-,-2.47,847382,-10.85,927042,826403,-4.96,7001107,6653667,2020-09
1227,佳格,-,28.0,2474374,4.01,3045171,3167337,8.6,18659414,20265780,2020-09
1229,聯華,本公司本月營收衰退主因去年度於8月認列現金股利，而今年度於6月認列。,-3.21,725137,-43.41,1240355,701837,19.19,5188026,6183870,2020-09
1231,聯華食,-,14.3,787417,14.05,789158,900089,1.07,5729857,5791250,2020-09
1232,大統益,-,-0.54,1465369,-3.05,1503403,1457410,-1.88,11158144,10948019,2020-09
1233,天仁,-,3.51,164578,-14.03,198165,170359,-16.77,1488528,1238771,2020-09
1234,黑松,-,5.0,936282,4.36,942073,983169,-0.15,6001899,5992437,2020-09
1235,興泰,-,42.89,6635,48.55,6382,9481,15.49,23524,27170,2020-09
1236,宏亞,-,19.79,122704,-13.72,170372,146991,-15.8,1136349,956759,2020-09
1702,南僑,-,15.81,1404101,5.31,1544160,1626214,-8.24,11893226,10913096,2020-09
1737,臺鹽,-,3.94,247573,-0.6,258901,257340,5.58,1913368,2020220,2020-09
1301,台塑,-,-6.95,15716282,-13.73,16949937,14622498,-19.92,144042455,115342063,2020-09
1303,南亞,-,2.1,21752364,-6.6,23781522,22209740,-10.97,191116403,170144193,2020-09
1304,台聚,-,-2.27,4099746,-15.4,4735910,4006402,-19.14,37500001,30321059,2020-09
1305,華夏,-,-0.9,1068490,-23.37,1381919,1058853,-22.16,10284758,8005522,2020-09
1307,三芳,-,28.34,528216,-27.98,941448,677965,-21.72,6815251,5334693,2020-09
1308,亞聚,-,-5.58,432139,-22.81,528587,407986,-21.57,4478212,3512254,2020-09
1309,台達化,-,-2.65,1404282,-4.58,1432733,1366998,-22.38,11976264,9295836,2020-09
1310,台苯,-,-4.16,682498,-39.18,1075426,654054,-41.91,8462421,4915099,2020-09
1312,國喬,-,8.63,1328986,-10.96,1621653,1443785,-28.75,14011790,9983340,2020-09
1313,聯成,-,7.65,4292844,-6.6,4947933,4621335,-28.34,41795787,29949787,2020-09
1314,中石化,受疫情影響致終端需求仍呈現疲軟,6.53,1166126,-56.42,2850755,1242352,-45.92,21808473,11793624,2020-09
1315,達新,-,-20.47,240945,-19.27,237353,191602,-11.07,1616449,1437383,2020-09
1321,大洋,-,-0.52,450073,4.3,429246,447705,-0.32,3086528,3076573,2020-09
1323,永裕,-,-9.71,279151,-14.71,295515,252044,-6.78,2353083,2193501,2020-09
1324,地球,-,-1.9,88678,-6.02,92566,86992,-7.59,766879,708616,2020-09
1325,恆大,受新冠肺炎影響致營收增加,13.26,399921,761.55,52577,452980,370.91,535427,2521389,2020-09
1326,台化,-,-7.17,20451507,-26.94,25985347,18984099,-29.49,226741849,159867505,2020-09
4306,炎洲,-,4.79,1103473,-19.37,1434164,1156332,-19.05,10764088,8713089,2020-09
1402,遠東新,-,4.58,15997860,-17.53,20288593,16731731,-21.22,169985006,133910000,2020-09
1409,新纖,-,19.99,2458078,-12.15,3357589,2949597,-24.69,26863837,20230715,2020-09
1410,南染,-,0.42,31295,-11.8,35635,31428,-2.61,269456,262421,2020-09
1413,宏洲,疫情影響，下游需求急速萎縮,10.89,90952,-52.99,214577,100864,-56.29,2184375,954722,2020-09
1414,東和,-,47.2,40033,-4.42,61659,58930,-24.87,570739,428768,2020-09
1417,嘉裕,-,-10.24,90463,-28.41,113433,81197,-27.41,930656,675505,2020-09
1418,東華,因客戶受新冠狀肺炎疫情之影響調降開工率及主原料丙烯腈價格下跌，造成亞克力纖維市場需求停滯。,-48.48,6940,-73.09,13287,3575,-62.52,174787,65506,2020-09
1419,新紡,-,38.03,112340,-7.14,166996,155070,8.74,1162539,1264149,2020-09
1423,利華,受到全球肺炎疫情依舊嚴峻以及低迷之經濟情勢影響，導致毛價出現持續性下跌，銷售因此較去年同期明顯出現萎縮。,-8.23,14835,-67.33,41673,13614,-57.56,356042,151080,2020-09
1434,福懋,-,5.15,2081782,-27.73,3029589,2189192,-24.34,25514469,19302984,2020-09
1439,中和,-,-16.07,7998,-38.54,10921,6712,-32.82,125843,84539,2020-09
1440,南紡,-,-8.72,1348536,-34.39,1875976,1230819,-28.63,15664997,11179929,2020-09
1441,大東,-,42.33,125484,48.34,120395,178603,8.81,992378,1079823,2020-09
1443,立益,-,11.76,41296,-20.12,57781,46155,-22.18,454792,353905,2020-09
1444,力麗,-,15.83,601444,-34.31,1060625,696679,-34.87,8305700,5409480,2020-09
1445,大宇,-,0.35,66974,-24.04,88487,67213,-33.13,922184,616611,2020-09
1446,宏和,營建收入增加,190.59,28078,79.47,45462,81594,10.39,315263,348032,2020-09
1447,力鵬,-,54.18,622904,-10.61,1074439,960407,-35.73,10164624,6532291,2020-09
1449,佳和,-,176.79,86690,20.66,198862,239951,-22.05,1595288,1243447,2020-09
1451,年興,-,-1.75,669496,-9.08,723471,657733,-25.32,5741554,4287788,2020-09
1452,宏益,-,34.45,81921,-26.89,150673,110149,-47.1,1342276,710064,2020-09
1453,大將,"本年營收增加,係因本年銷售待售房屋及營建用地所致",-99.84,172376,618.91,37,266,37899.47,576,218877,2020-09
1454,台富,因為新冠肺炎疫情影響，全球需求銳減,-29.06,89393,-53.74,137104,63413,-39.39,1294891,784791,2020-09
1455,集盛,-,36.81,523263,-25.07,955462,715912,-45.44,8555582,4667543,2020-09
1456,怡華,本月認列建設收入較去年本月增加所致,58.11,44070,179.94,24891,69680,-36.87,567082,357981,2020-09
1457,宜進,"主係台南廠停止生產及新冠肺炎疫情影響,致營業額大幅降低。",13.01,171135,-50.91,394054,193402,-50.08,3479257,1736569,2020-09
1459,聯發,受新型冠狀病毒疫情影響，致本期營業收入淨額較去年同期大幅度減少。,14.91,108393,-41.75,213846,124555,-53.01,2216389,1041386,2020-09
1460,宏遠,-,8.13,555438,-16.23,717053,600632,-24.19,5530197,4192278,2020-09
1463,強盛,受疫情影響，致訂單減少,7.79,25016,-65.28,77681,26967,-20.61,400713,318113,2020-09
1464,得力,-,35.35,473280,-36.05,1001832,640626,-22.76,6613293,5108007,2020-09
1465,偉全,本年營收較去年同期減少，主要係因去年同期含已處分子公司之營收及本年度受疫情影響客戶需求萎縮。,10.6,25290,-40.28,46839,27972,-60.86,695052,272035,2020-09
1466,聚隆,-,6.62,213118,-15.22,268055,227247,-34.25,2351955,1546207,2020-09
1467,南緯,因受新冠病毒影響，集團8月增加防護衣及隔離衣外銷營收，營收大幅增加，以致營收較去年同期增加約70.35%。,1.69,1099563,70.35,656382,1118168,2.02,4644884,4738993,2020-09
1468,昶和,-,-17.77,83704,-17.96,83902,68829,-4.17,686261,657595,2020-09
1470,大統新創,-,46.15,35419,-41.23,88088,51766,-31.9,559621,381054,2020-09
1472,三洋紡,-,64.3,28745,3.06,45827,47230,-18.72,241861,196562,2020-09
1473,台南,-,9.05,530119,-25.2,772965,578104,-23.22,5408834,4152631,2020-09
1474,弘裕,-,-6.85,242144,-22.38,290603,225541,-24.29,2298112,1739735,2020-09
1475,業旺,主要開始銷售染劑產品,12.49,9420,147.59,4280,10597,10.87,38918,43150,2020-09
1476,儒鴻,-,-25.33,2733446,-17.84,2483930,2040791,-10.44,18129460,16235196,2020-09
1477,聚陽,-,40.35,2220229,28.94,2416786,3116299,-7.15,17441435,16192946,2020-09
4414,如興,-,0.64,1692605,-4.73,1788205,1703554,12.4,10272653,11547044,2020-09
4426,利勤,因國外新冠肺炎疫情嚴重影響，導致出貨減少,9.34,105752,-51.12,236583,115635,-48.96,1629325,831494,2020-09
4438,廣越,-,2.34,1771757,-19.66,2257087,1813260,-19.62,10705973,8605460,2020-09
1503,士電,-,1.81,1901013,-6.48,2069620,1935498,-5.76,17238239,16244808,2020-09
1504,東元,-,-6.64,3940025,0.59,3656358,3678179,-7.67,31836390,29391646,2020-09
1506,正道,-,2.2,60308,-37.05,97932,61639,-31.03,820842,566091,2020-09
1507,永大,此為本公司自結數,5.0,1374677,23.31,1170612,1443483,6.52,8832696,9409207,2020-09
1513,中興電,本月合併營收較去年同期增加，主要係設備投入工程增加 ，依工進認列收入致營收增加•,21.7,1087951,58.93,833099,1324092,14.58,7675568,8794871,2020-09
1514,亞力,-,-12.94,416869,4.92,345898,362926,4.82,3124467,3275081,2020-09
1515,力山,客戶銷售狀況好增加採購量,4.01,1083857,54.61,729184,1127421,10.57,4981619,5508208,2020-09
1517,利奇,-,-6.62,350337,36.8,239120,327135,-2.82,2000209,1943770,2020-09
1519,華城,-,49.71,613204,39.74,656929,918051,34.31,3734398,5015942,2020-09
1526,日馳,-,5.72,120977,36.39,93773,127903,-0.62,766710,761891,2020-09
1527,鑽全,-,5.67,301298,0.29,317437,318383,-7.11,2452581,2278085,2020-09
1528,恩德,-,13.24,248639,-13.24,324550,281561,-17.13,2567020,2127089,2020-09
1529,樂士,"本月因太陽能工程營收認列較多,故本月及本年累計營收增幅大",147.85,51559,155.78,49962,127794,105.13,242214,496859,2020-09
1530,亞崴,-,-19.56,319293,-8.47,280609,256838,-10.42,2268251,2031822,2020-09
1531,高林股,-,12.91,126347,-20.49,179432,142660,-36.99,1514755,954376,2020-09
1532,勤美,-,21.61,969679,12.79,1045547,1179290,-28.36,9552309,6842803,2020-09
1535,中宇,-,5.74,705915,-9.29,822978,746497,-14.16,6345409,5446647,2020-09
1537,廣隆,-,-2.7,614533,-11.77,677723,597914,-12.83,5284267,4605772,2020-09
1538,正峰,-,-0.1,25752,-16.08,30659,25726,-22.44,234467,181836,2020-09
1539,巨庭,國外市場需求增加,-3.98,206821,68.72,117691,198573,-10.76,1513095,1350171,2020-09
1540,喬福,歐美市場衰退,4.93,21026,-66.91,66687,22063,-63.31,471280,172869,2020-09
1541,錩泰,-,-20.45,513506,-2.17,417530,408445,9.07,2962274,3231112,2020-09
1558,伸興,-,10.89,735104,21.89,668805,815229,9.78,3948035,4334159,2020-09
1560,中砂,-,-1.58,439426,7.15,403594,432477,5.06,3242368,3406647,2020-09
1583,程泰,-,-9.35,482880,3.8,421692,437724,-18.75,4123064,3349638,2020-09
1597,直得,-,7.19,113076,7.52,112735,121215,1.1,906037,916067,2020-09
2049,上銀,-,-10.87,2041883,15.73,1572389,1819821,-11.59,14822506,13104347,2020-09
2241,艾姆勒,-,14.94,58962,-11.31,76422,67776,5.96,500373,530214,2020-09
2371,大同,-,-13.95,2636869,-21.39,2886302,2268775,-0.8,21822091,21645424,2020-09
3167,大量,市場設備需求逐漸復甦所致,10.66,216010,62.59,147018,239039,8.92,1238114,1348648,2020-09
4526,東台,-,-5.43,589161,-38.62,907764,557146,-30.73,7305029,5060008,2020-09
4532,瑞智,-,-18.81,1773305,32.97,1082625,1439605,-9.47,13999665,12673247,2020-09
4540,全球傳動,-,1.13,258921,33.34,196393,261871,23.57,1426945,1763396,2020-09
4555,氣立,-,-9.13,154027,33.85,104559,139953,13.16,919559,1040629,2020-09
4562,穎漢,-,-4.17,51717,-32.81,73766,49558,-36.89,678203,427961,2020-09
4564,元翎,-,6.69,174044,-16.89,223452,185703,-31.01,1945247,1341884,2020-09
4566,時碩工業,-,12.72,259672,-15.67,347150,292724,-14.46,2539194,2171904,2020-09
4572,駐龍,"因受新冠肺炎疫情影響,致營收減少",-1.98,23195,-68.09,71257,22735,-54.48,566992,258083,2020-09
4576,大銀微系統,-,-21.93,242588,19.73,158153,189366,15.16,1412764,1626991,2020-09
8222,寶一,因疫情影響,66.98,19513,-53.1,69484,32584,-42.03,532354,308603,2020-09
8374,羅昇,-,-4.41,214489,-11.38,231340,205012,-13.1,2042582,1774822,2020-09
8996,高力,-,2.29,135413,-40.98,234720,138527,-10.65,1452091,1297362,2020-09
1603,華電,-,-30.35,200574,-18.17,170712,139681,-6.4,1616589,1513046,2020-09
1604,聲寶,-,-22.5,835946,12.34,576682,647857,8.02,4982170,5382223,2020-09
1605,華新,-,-0.57,8900885,-8.36,9657602,8849975,-24.46,93840788,70881437,2020-09
1608,華榮,-,2.59,559833,-17.11,692934,574345,-10.55,5162151,4617301,2020-09
1609,大亞,-,-5.27,1613994,4.37,1464737,1528848,-5.76,12009466,11316551,2020-09
1611,中電,-,-3.66,183152,-9.67,195345,176437,-8.47,1565988,1433196,2020-09
1612,宏泰,-,34.48,318163,44.38,296331,427866,31.97,2351360,3103234,2020-09
1614,三洋電,-,-31.17,694427,5.47,453131,477949,6.33,3707551,3942580,2020-09
1615,大山,-,-18.15,365987,28.49,233109,299534,6.91,1904347,2035992,2020-09
1616,億泰,-,-2.57,218417,-34.11,323009,212801,-13.68,2019936,1743476,2020-09
1617,榮星,-,11.27,235203,11.09,235583,261718,-5.07,1884526,1788906,2020-09
1618,合機,"109年8月業主通知交貨較多,致超高壓線相關附屬器材及光放管等出貨量較去年同期增加。",-45.25,505642,60.23,172739,276791,23.45,1432412,1768342,2020-09
4930,燦星網,"109/3/27董事會決議處分燦星國旅全數持股，109年第一季起將該公司轉列停業單位，合併營收分別扣除110,186仟元及1,361,563仟元。",12.42,937449,21.79,865260,1053882,-11.27,6233403,5530436,2020-09
5283,禾聯碩,-,-21.34,828370,11.22,585802,651556,6.31,4104505,4363894,2020-09
1708,東鹼,-,1.87,329276,-14.1,390570,335463,-5.52,2894742,2734769,2020-09
1709,和益,-,-8.83,677623,-21.79,789959,617786,-3.04,5865311,5686536,2020-09
1710,東聯,無,-0.46,1306235,-28.11,1808661,1300138,-29.98,16865391,11808658,2020-09
1711,永光,-,0.25,591468,-24.32,783586,592948,-21.4,6333753,4978250,2020-09
1712,興農,-,-3.59,1457145,-2.58,1441985,1404696,4.33,11463268,11959948,2020-09
1713,國化,-,-0.79,36624,-31.07,52712,36333,-22.78,400035,308878,2020-09
1714,和桐,-,-4.97,1888300,-12.96,2061554,1794327,-0.36,18395880,18328926,2020-09
1717,長興,-,-0.98,3203507,-6.85,3405490,3171998,-13.98,26694194,22961152,2020-09
1718,中纖,"本月份自結異業別合併營收資訊,未經會計師簽證或核閱",-9.06,2675847,-15.97,2895985,2433210,-21.77,24455443,19129151,2020-09
1721,三晃,-,-9.42,220390,-27.08,273750,199617,-11.68,2173107,1919113,2020-09
1722,台肥,-,-11.1,919353,-5.6,865852,817293,-13.94,8345858,7182123,2020-09
1723,中碳,-,28.84,335847,-39.26,712468,432718,-34.33,5356206,3517412,2020-09
1724,台硝,-,-14.79,158111,-9.01,148063,134717,-7.85,1240263,1142887,2020-09
1725,元禎,-,0.12,489248,-27.71,677657,489844,-26.37,5847839,4305759,2020-09
1726,永記,-,-11.24,669485,-5.95,631792,594184,-0.32,5050349,5033822,2020-09
1727,中華化,-,1.81,138401,-33.42,211646,140909,-22.57,1554800,1203849,2020-09
1730,花仙子,-,-0.39,245741,4.44,234341,244761,-22.93,2484005,1914181,2020-09
1732,毛寶,-,-13.16,52806,-3.02,47283,45855,5.42,400798,422558,2020-09
1735,日勝化,-,13.29,190362,-19.08,266545,215671,-33.69,2067402,1370747,2020-09
1773,勝一,-,2.31,597201,-10.28,681081,611046,4.59,4805032,5025812,2020-09
1776,展宇,-,8.2,100301,-13.34,125250,108532,-20.77,1076948,853176,2020-09
3708,上緯投控,客戶訂單增加，帶動我司營收成長,16.25,874007,103.51,499264,1016098,32.03,4056359,5355745,2020-09
4720,德淵,-,-14.54,309166,-4.26,275972,264198,-7.68,2115647,1952971,2020-09
4722,國精化,-,10.23,281540,-6.72,332726,310353,-18.77,2943552,2390900,2020-09
4725,信昌化,-,-13.82,787270,6.13,639218,678425,-32.12,7520464,5104554,2020-09
4739,康普,-,-22.56,532990,-32.48,611247,412698,-16.24,4222330,3536294,2020-09
4755,三福化,"8月份營收包含87,747仟元之工程收入",-4.83,370494,10.14,320123,352585,-3.43,2655172,2563963,2020-09
4764,雙鍵,-,1.29,195584,-29.87,282542,198121,-34.63,2428777,1587632,2020-09
4766,南寶,-,-7.45,1364392,-14.6,1478644,1262664,-12.36,11077231,9707141,2020-09
1598,岱宇,新冠肺炎疫情帶動家用健身器材需求激增,6.94,1042445,158.9,430603,1114849,70.6,3667594,6257083,2020-09
1701,中化,-,-1.27,634856,-5.67,664429,626738,0.94,5261843,5311576,2020-09
1707,葡萄王,-,-8.37,740937,0.75,673792,678882,-2.8,5840961,5676995,2020-09
1720,生達,-,1.52,340386,4.34,331181,345579,11.52,2536034,2828429,2020-09
1731,美吾華,本月電商品牌進軍知名實體通路，當月營收及毛利率持續成長。惟109年起淡出低利潤之物流配送業務，累計營收仍受影響。,5.36,93714,12.17,88022,98741,-9.95,773489,696494,2020-09
1733,五鼎,-,-14.66,194017,18.91,139224,165562,2.85,1361707,1400593,2020-09
1734,杏輝,-,1.98,200095,10.64,184427,204066,5.14,1533025,1611929,2020-09
1736,喬山,-,2.99,2172534,0.7,2222015,2237583,3.73,15011499,15572181,2020-09
1760,寶齡富錦,-,61.22,102966,1.11,164176,166011,-6.74,1006112,938294,2020-09
1762,中化生,單月營收較去年同期增加，主係MMF、EVE及FK506產品銷售較去年同期增加所致。,-20.5,124018,225.83,30258,98590,19.88,769058,921960,2020-09
1783,和康生,-,43.82,26159,-5.36,39758,37624,-2.16,289746,283479,2020-09
1786,科妍,皮下填補劑、一針劑型關節腔注射劑及可吸收防沾黏業務銷售增加,160.77,26917,118.36,32145,70193,12.47,276601,311104,2020-09
1789,神隆,-,-57.42,343506,-28.94,205815,146250,5.01,1847632,1940359,2020-09
1795,美時,-,-33.03,1116873,19.28,627033,747953,20.68,5449242,6576172,2020-09
3164,景岳,-,-17.21,25401,0.26,20973,21028,-8.54,224600,205403,2020-09
3705,永信,-,-13.39,668823,-17.95,705945,579203,-0.9,5224105,5176716,2020-09
4104,佳醫,-,4.85,542778,-5.1,599769,569144,4.06,4258348,4431254,2020-09
4106,雃博,-,-16.55,173617,-9.0,159216,144875,-9.37,1372549,1243838,2020-09
4108,懷特,「癌因性疲憊症CRF」的處方新藥因疫情緩和需求回溫，當月業績較去年同期持續成長，且子公司配合客戶需求，出貨逐漸恢復正常。,35.88,6977,41.44,6703,9481,-30.98,76626,52881,2020-09
4119,旭富,-,-30.43,288249,-4.39,209737,200510,22.48,1633717,2001010,2020-09
4133,亞諾法,-,1.84,44995,36.06,33678,45825,4.9,280309,294049,2020-09
4142,國光生,-,8766.33,1898,-21.86,215383,168283,48.84,403290,600273,2020-09
4155,訊映,-,1.73,105346,2.31,104753,107176,18.39,762356,902610,2020-09
4164,承業醫,-,-42.51,306437,-37.04,279806,176158,-16.54,2001607,1670412,2020-09
4737,華廣,-,29.59,117052,7.58,141004,151697,-22.21,1261950,981566,2020-09
4746,台耀,-,21.24,241409,18.36,247279,292692,12.4,1765432,1984451,2020-09
6491,晶碩,-,25.7,278055,23.98,281916,349540,5.32,2074024,2184428,2020-09
1802,台玻,-,13.03,3692449,16.3,3588814,4173931,-8.07,26471987,24335697,2020-09
1806,冠軍,-,9.83,299541,-19.18,407103,328988,-20.45,3104944,2469917,2020-09
1809,中釉,-,-13.58,165601,-27.8,198213,143107,-26.17,1528503,1128387,2020-09
1810,和成,-,-13.3,423362,-19.77,457511,367048,-7.65,3471505,3205916,2020-09
1817,凱撒衛,-,-7.04,212883,2.25,193517,197882,0.64,1467974,1477407,2020-09
1903,士紙,-,-4.49,11790,-0.84,11356,11260,-9.53,113876,103022,2020-09
1904,正隆,-,-7.32,3364103,-8.34,3401559,3117609,-2.05,25662107,25134898,2020-09
1905,華紙,-,-2.57,1496446,-10.5,1628979,1457853,-14.83,14110128,12016239,2020-09
1906,寶隆,-,-36.93,148465,-7.25,100952,93623,10.85,838923,929958,2020-09
1907,永豐餘,-,2.13,6012155,-4.38,6422441,6140800,-7.04,49156016,45690615,2020-09
1909,榮成,-,0.0,3862177,-0.02,3863274,3862390,-21.41,30992642,24354543,2020-09
2002,中鋼,-,4.63,24688800,-16.66,30997557,25832421,-20.49,252874993,201049509,2020-09
2006,東和鋼鐵,-,-9.07,3515727,-11.53,3613822,3196799,-13.05,30370299,26404519,2020-09
2007,燁興,-,32.27,376587,-8.19,542585,498115,-22.06,4698265,3661404,2020-09
2008,高興昌,-,23.04,62950,9.02,71043,77456,-33.97,865214,571285,2020-09
2009,第一銅,-,-4.25,180791,-19.95,216261,173102,-14.75,1689724,1440406,2020-09
2010,春源,-,1.45,1662858,35.5,1245053,1687127,13.68,10579679,12027047,2020-09
2012,春雨,-,-2.74,668069,-18.11,793384,649699,-18.3,6234029,5093036,2020-09
2013,中鋼構,-,0.26,969747,-19.73,1211400,972322,-27.57,11551631,8366393,2020-09
2014,中鴻,-,23.21,2610889,-4.76,3378074,3217111,-22.21,30568031,23777305,2020-09
2015,豐興,-,-10.05,2236686,-5.27,2123693,2011691,-5.36,18372794,17386445,2020-09
2017,官田鋼,-,49.73,287800,16.59,369620,430941,-24.21,2849289,2159474,2020-09
2020,美亞,-,11.44,427611,32.1,360736,476535,8.9,3078141,3352111,2020-09
2022,聚亨,-,-28.2,735681,-45.87,975735,528155,-29.06,7780297,5518728,2020-09
2023,燁輝,-,17.2,4079373,-8.74,5239566,4781153,-15.89,40692709,34224292,2020-09
2024,志聯,-,22.45,90925,8.16,102934,111342,-14.38,835888,715663,2020-09
2025,千興,-,-14.46,69529,-2.3,60880,59475,-36.82,850653,537369,2020-09
2027,大成鋼,-,2.61,4721138,-27.96,6725636,4844581,-32.16,55821291,37868319,2020-09
2028,威致,-,-18.74,758568,-27.72,852825,616369,-21.07,6561972,5178889,2020-09
2029,盛餘,-,23.53,649076,-12.93,920995,801842,-11.29,6605130,5858940,2020-09
2030,彰源,-,-3.6,907595,-18.05,1067633,874900,-16.97,8126764,6746990,2020-09
2031,新光鋼,-,-5.66,1010454,30.62,729698,953174,15.51,5454813,6300879,2020-09
2032,新鋼,-,-5.99,298767,8.12,259745,280860,10.53,1889051,2088108,2020-09
2033,佳大,-,-28.13,78109,-20.71,70802,56136,-9.94,563366,507345,2020-09
2034,允強,-,8.1,942357,-37.24,1623485,1018752,-23.01,11197840,8621195,2020-09
2038,海光,-,-17.71,620794,3.4,494017,510825,-3.39,5222057,5044824,2020-09
2069,運錩,-,5.79,610247,-11.21,727194,645619,-22.4,5831750,4525016,2020-09
3004,豐達科,因受新冠肺炎疫情影響,6.36,110750,-52.29,246918,117802,-31.15,1851186,1274506,2020-09
5007,三星,-,7.44,396755,-24.05,561290,426295,-32.29,4586323,3104980,2020-09
9958,世紀鋼,本月及本年增加百分比達50%以上，主因風力事業陸續投產，影響收入較同期增加。,0.93,700467,253.46,200023,707017,217.68,1225772,3894051,2020-09
2101,南港,"本公告係屬自結數,與會計師所出具之財報因匯率之故將存有略微差異,屆時請以財報為準.",5.61,977260,15.93,890279,1032112,-19.04,7621964,6170535,2020-09
2102,泰豐,-,-5.03,647298,34.66,456452,614698,20.13,3072361,3690881,2020-09
2103,台橡,-,-7.42,1874026,-23.78,2276179,1734840,-20.69,19718464,15638051,2020-09
2104,國際中橡,-,30.7,1460543,-20.95,2415069,1908989,-36.71,16806869,10636990,2020-09
2105,正新,無。,4.51,8988799,1.18,9284372,9394543,-18.62,73763109,60028221,2020-09
2106,建大,-,-7.82,2922815,-2.98,2777000,2694109,-11.9,21926714,19315817,2020-09
2107,厚生,主要係因本期營建收入較去年同期增加所致.,88.89,226746,150.21,171178,428307,18.08,1869045,2207125,2020-09
2108,南帝,-,16.63,962783,-4.26,1172970,1122938,-10.22,8291985,7443741,2020-09
2109,華豐,-,7.64,451151,1.17,480021,485643,-11.79,3447497,3040765,2020-09
2114,鑫永銓,-,1.43,130146,-5.71,140003,132008,-5.37,1096039,1037118,2020-09
6582,申豐,-,0.52,416832,9.72,381893,419039,31.45,2156496,2834726,2020-09
1319,東陽,-,-2.57,1468402,-14.51,1673581,1430624,-21.97,14098753,11000232,2020-09
1339,昭輝,-,-1.41,198459,-9.33,215815,195660,-23.98,1732888,1317190,2020-09
1512,瑞利,-,-51.54,154684,-44.55,135178,74947,-41.72,1357303,790965,2020-09
1521,大億,-,-15.38,323713,-40.9,463541,273921,-29.01,3736136,2652059,2020-09
1522,堤維西,-,-4.54,1320186,-14.63,1476241,1260148,-21.59,11969405,9384719,2020-09
1524,耿鼎,-,-2.46,174998,-15.2,201306,170689,-22.42,1561891,1211606,2020-09
1525,江申,木床、零件及模治具收入增加所致,-21.96,104552,51.9,53706,81583,-22.67,834074,644940,2020-09
1533,車王電,-,9.32,208813,-8.57,249684,228284,-20.28,1928841,1537644,2020-09
1536,和大,-,14.29,368145,-18.71,517645,420769,-25.82,4009297,2973909,2020-09
1568,倉佑,-,2.71,154499,-12.82,182042,158701,-20.66,1327360,1053034,2020-09
1587,吉茂,-,5.68,155055,32.31,123848,163865,4.92,997703,1046839,2020-09
2201,裕隆,-,-20.39,8250370,-0.56,6604840,6567852,-7.6,57029095,52690351,2020-09
2204,中華,-,-22.01,3009420,17.86,1991011,2346776,-7.52,21776238,20136657,2020-09
2206,三陽工業,-,-4.12,3894789,32.0,2828684,3734142,9.28,22793996,24911168,2020-09
2207,和泰車,-,-37.47,23157675,1.06,14327801,14479821,12.71,133362320,150325995,2020-09
2227,裕日車,-,-24.54,2820552,-5.06,2241754,2128107,-7.74,21150872,19512637,2020-09
2228,劍麟,-,14.19,234231,-29.83,381240,267486,-35.72,3060746,1967245,2020-09
2231,為升,-,63.67,181683,-8.17,323820,297361,-28.79,2772603,1974240,2020-09
2233,宇隆,-,-2.93,208152,10.33,183118,202039,-1.62,1530728,1505843,2020-09
2247,汎德永業,本月交車數量成長,12.78,2962660,52.13,2196389,3341580,15.6,21286400,24608158,2020-09
2497,怡利電,-,10.56,121271,-27.99,186217,134078,-39.34,1526018,925656,2020-09
3346,麗清,無,-14.31,426245,-2.29,373814,365218,-8.27,2729615,2503823,2020-09
4551,智伸科,"主係旭申國際於109年4月13日成為100%子公司,共同控制下企業合併,同步重編去年合併營收。",2.93,666995,4.33,658049,686558,-12.15,4988019,4381566,2020-09
6288,聯嘉,-,11.77,365020,8.95,374466,408005,-18.04,2763168,2264492,2020-09
6605,帝寶,-,-12.13,1345662,-7.65,1280319,1182332,-11.67,10257434,9059415,2020-09
2302,麗正,係本月訂單需求較上月增加所致,22.24,54383,63.51,40657,66481,5.41,335990,354185,2020-09
2303,聯電,-,-4.21,15494823,12.57,13184069,14841818,22.46,95526360,116990748,2020-09
2329,華泰,-,-2.27,1079272,-40.24,1765203,1054756,-22.17,11919482,9276501,2020-09
2330,台積電,無,15.96,105963468,15.79,106117619,122878244,30.67,650578287,850137262,2020-09
2337,旺宏,-,0.47,3139283,-16.79,3791065,3154192,22.84,20334388,24979921,2020-09
2338,光罩,本公司合併美祿/群豐之營收,-9.48,397967,5.76,340611,360231,38.49,2139221,2962740,2020-09
2342,茂矽,-,-6.93,171177,40.58,113317,159312,47.69,843125,1245268,2020-09
2344,華邦電,-,7.47,4124163,-0.68,4463022,4432501,3.68,31688942,32858262,2020-09
2351,順德,-,4.9,667242,0.31,697803,699969,-10.68,5996666,5355675,2020-09
2363,矽統,-,11.42,12447,-15.23,16362,13869,-36.83,163144,103047,2020-09
2369,菱生,-,3.12,445881,5.13,437345,459811,14.46,3036292,3475464,2020-09
2379,瑞昱,-,5.26,6935184,40.67,5189570,7300353,24.48,38157938,47501734,2020-09
2388,威盛,-,1.46,520032,11.48,473256,527631,12.48,3621658,4073750,2020-09
2401,凌陽,-,-3.31,666277,35.74,474544,644183,4.7,3708129,3882489,2020-09
2408,南亞科,-,-0.74,4906905,-6.73,5222016,4870327,21.04,33610600,40685459,2020-09
2434,統懋,-,8.76,10193,-7.41,11974,11086,-25.46,114543,85376,2020-09
2436,偉詮電,-,11.35,219736,19.46,204811,244685,6.02,1514997,1606351,2020-09
2441,超豐,-,4.06,1232919,12.92,1136175,1282981,21.77,7700681,9377452,2020-09
2449,京元電子,-,1.22,2471346,3.99,2405477,2501503,22.0,16091303,19632505,2020-09
2451,創見,-,-15.19,957237,-25.35,1087491,811792,-18.44,9165310,7475157,2020-09
2454,聯發科,海外子公司之營收係以當月平均匯率換算之,22.56,26692397,41.97,23043007,32716126,18.89,158019846,187874551,2020-09
2458,義隆,居家辦公及授課市場需求增加,3.92,1465826,69.42,899157,1523422,51.6,5761474,8734788,2020-09
2481,強茂,"本月營收淨額含二極體$893,828仟元及其他$29,729仟元，減銷退/折$7,129仟元。",6.02,864343,17.04,782953,916428,8.24,6007027,6502082,2020-09
3006,晶豪科,-,3.94,1177988,5.48,1160803,1224451,18.24,7845492,9276797,2020-09
3014,聯陽,-,5.47,461424,37.52,353877,486664,28.76,2289639,2948163,2020-09
3016,嘉晶,-,3.25,304381,10.83,283551,314278,2.95,2592545,2669077,2020-09
3034,聯詠,-,8.0,6743704,30.81,5567553,7283388,17.27,42232490,49528534,2020-09
3035,智原,-,2.28,490642,-5.12,528995,501862,6.11,3358939,3564200,2020-09
3041,揚智,-,54.17,133384,10.48,186134,205644,-1.16,1339997,1324324,2020-09
3054,立萬利,受市場需求增加及產品調整等影響，致本期營收較去年同期增加。,-41.02,22678,2.38,13063,13374,265.37,65918,240848,2020-09
3094,聯傑,-,0.94,17901,-17.69,21955,18070,-0.69,150558,149511,2020-09
3189,景碩,-,-5.45,2361708,10.59,2018886,2232816,22.59,14089296,17273042,2020-09
3257,虹冠電,客戶需求量增加,7.04,95815,45.85,70318,102563,52.58,392608,599065,2020-09
3413,京鼎,-,-13.56,973791,39.51,603284,841669,48.88,4404737,6558081,2020-09
3443,創意,-,26.58,935954,38.72,854049,1184762,23.44,6656464,8217381,2020-09
3530,晶相光,-,33.11,226014,24.84,240996,300869,18.82,1401803,1665741,2020-09
3532,台勝科,-,-7.71,1043456,28.01,752268,962987,0.14,8019906,8031530,2020-09
3536,誠創,"因本月面板.整流器營收下滑,致營收較去年衰退",-13.14,46109,-75.19,161445,40048,-59.95,845430,338525,2020-09
3545,敦泰,IDC產品出貨量顯著提升,1.98,1213616,53.9,804240,1237745,50.55,5398921,8128594,2020-09
3583,辛耘,-,-3.68,307322,-20.6,372821,295995,-29.23,2936560,2078190,2020-09
3588,通嘉,-,-4.33,125644,30.98,91770,120202,33.73,669694,895593,2020-09
3686,達能,-,62.2,6945,14.73,9818,11265,-40.66,107098,63550,2020-09
3711,日月光投控,-,12.37,37325504,4.75,40039028,41944147,10.99,256017739,284175579,2020-09
4919,新唐,-,3.42,1097276,15.64,981295,1134860,13.37,6550358,7426433,2020-09
4952,凌通,-,3.49,272342,25.61,224381,281850,-3.93,1842487,1770020,2020-09
4961,天鈺,-,7.74,890502,29.87,738764,959502,3.84,5927273,6155444,2020-09
4967,十銓,-,8.15,607878,31.2,501120,657472,8.87,4608987,5018203,2020-09
4968,立積,因客戶需求增加及產能提升,4.26,528972,101.89,273189,551553,90.39,1632165,3107607,2020-09
5269,祥碩,本年營收較去年增加主係因客戶需求量增加所致。,12.75,600122,165.67,254708,676693,76.78,2359620,4171498,2020-09
5285,界霖,-,-2.09,322746,-11.56,357305,315987,-8.67,2971265,2713461,2020-09
5471,松翰,新冠肺炎疫情全球延燒，國內外因應防疫所需，對本公司醫療量測及影像晶片需求強勁，帶動營收顯著成長。,8.86,460014,80.25,277817,500779,53.89,2135307,3286036,2020-09
6202,盛群,-,-1.04,487632,25.72,383796,482528,13.51,3015459,3422968,2020-09
6239,力成,-,-0.29,6320817,3.83,6069915,6302445,23.42,41193595,50845066,2020-09
6243,迅杰,-,15.31,61752,32.72,53655,71211,13.09,363252,410808,2020-09
6257,矽格,-,10.15,1023095,30.76,861883,1127003,30.48,5951903,7766110,2020-09
6271,同欣電,投資之子公司營收併入,0.25,911463,50.09,608844,913829,24.53,4690276,5841150,2020-09
6531,愛普,-,25.86,336677,29.24,327855,423747,32.15,2116539,2797051,2020-09
6533,晶心科,-,-7.13,30285,26.17,22289,28124,-10.29,296614,266068,2020-09
6552,易華電,-,-12.69,262023,-18.67,281286,228764,-11.83,2062792,1818673,2020-09
8016,矽創,-,5.98,1258731,-0.09,1335334,1334015,-3.5,8680430,8376451,2020-09
8028,昇陽半導體,-,1.21,197146,-20.83,252076,199546,-8.71,1758809,1605441,2020-09
8081,致新,-,0.45,680723,27.14,537824,683840,34.48,3498829,4705389,2020-09
8110,華東,-,3.05,466057,-15.81,570496,480282,-5.97,4334212,4075218,2020-09
8131,福懋科,-,2.05,778782,-7.36,857970,794776,7.56,6075646,6535194,2020-09
8150,南茂,-,0.84,1886592,-0.5,1912105,1902474,13.73,13016766,14804001,2020-09
8261,富鼎,-,-3.21,274089,36.8,193902,265276,31.9,1409984,1859832,2020-09
8271,宇瞻,-,-29.81,655758,-27.93,638610,460216,-3.68,4955194,4772509,2020-09
2301,光寶科,-,2.57,13117685,-17.69,16349594,13455724,-14.02,117367179,100909991,2020-09
2305,全友,-,-21.57,53917,-5.41,44704,42284,10.66,307084,339849,2020-09
2324,仁寶,-,-6.48,89771191,12.52,74609805,83952978,0.53,616116460,619424859,2020-09
2331,精英,-,8.07,2039352,-5.91,2342635,2203994,-12.51,18810854,16456574,2020-09
2352,佳世達,-,22.44,14370287,25.27,14045700,17595459,5.68,108659477,114838684,2020-09
2353,宏��,-,17.35,23240567,34.94,20211350,27273473,11.19,148358884,164970659,2020-09
2356,英業達,-,-8.13,48696190,8.04,41404018,44734450,1.44,326164632,330867547,2020-09
2357,華碩,"以上申報之合併營收已排除停業單位營收。109年08月及108年08月累計合併營收(含停業單位)為246,436,887仟元及230,941,810仟元。",16.41,37141186,41.1,30642655,43239629,12.55,216266372,243410274,2020-09
2362,藍天,-,31.32,1645621,8.54,1991044,2161191,-12.72,14581833,12726584,2020-09
2364,倫飛,-,23.8,66079,33.44,61305,81808,1.1,501149,506696,2020-09
2365,昆盈,-,35.06,126101,0.13,170090,170324,-5.66,1009555,952351,2020-09
2376,技嘉,-,-14.0,8099005,13.36,6143507,6964531,31.88,40343098,53206698,2020-09
2377,微星,-,-4.08,13840272,17.12,11333820,13275096,18.54,76725162,90956600,2020-09
2380,虹光,海外(歐洲)及中國地區銷售金額較去年同期增加,-1.08,164829,63.64,99631,163044,-17.0,1096529,910066,2020-09
2382,廣達,-,-2.64,108927559,15.43,91868918,106045918,5.22,641934367,675453706,2020-09
2387,精元,因疫情居家辦公及客戶NB新機型導入出貨量增加，連帶鍵盤出貨量增加所致,3.39,2073762,103.54,1053362,2144079,58.14,7691995,12164122,2020-09
2395,研華,-,-2.48,4404376,-10.98,4825344,4295139,-4.71,35671245,33989873,2020-09
2397,友通,-,-0.97,639368,18.47,534397,633111,28.5,4271756,5489249,2020-09
2399,映泰,-,15.94,187975,2.48,212663,217949,-9.91,1496103,1347780,2020-09
2405,浩鑫,客戶需求減少,-15.52,126733,-63.51,293386,107054,-48.54,2174777,1118998,2020-09
2417,圓剛,本月較去年同期增加主要係因出貨量增加所致。,24.54,814860,280.56,266678,1014893,84.79,1946475,3597016,2020-09
2424,隴華,主要係去年同期銷售KU天線及配件2套,-44.5,1211,-46.53,1257,672,-25.81,15625,11592,2020-09
2425,承啟,-,-1.59,470379,21.02,382448,462857,-18.83,3029529,2458861,2020-09
2442,新美齊,本月營收較去年同期增加，主係營建專案交屋認列收入增加所致,-8.25,576015,31.11,403033,528439,-1.02,2950148,2920035,2020-09
2465,麗臺,-,-17.33,415684,7.02,321075,343624,11.65,2330232,2601851,2020-09
3002,歐格,-,-11.09,76927,26.82,53926,68394,15.59,434563,502324,2020-09
3005,神基,-,-2.89,2355672,-7.13,2463307,2287430,0.89,17484900,17641423,2020-09
3013,晟銘電,-,7.27,516127,20.83,458226,553682,9.48,3721070,4074046,2020-09
3017,奇鋐,-,1.2,3263265,9.57,3014089,3302723,14.58,22392497,25657363,2020-09
3022,威強電,-,-5.59,534352,10.01,458537,504448,-4.59,3856393,3679034,2020-09
3046,建��,-,-23.46,226914,43.61,120925,173669,-8.49,1164962,1065974,2020-09
3057,喬鼎,-,18.88,66770,-18.15,96995,79382,-17.65,781985,643903,2020-09
3060,銘異,-,8.3,268677,-37.8,467848,290984,-27.07,3568151,2602241,2020-09
3231,緯創,-,-10.77,78466276,-0.07,70065885,70012025,-0.92,548417868,543357200,2020-09
3416,融程電,專案客戶出貨所致,22.59,152884,51.34,123841,187431,-3.42,1099387,1061759,2020-09
3494,誠研,因受新型冠狀病毒疫情影響，致使營收波動。,50.97,28372,-56.19,97774,42834,-51.92,685915,329748,2020-09
3515,華擎,"“本年累計營業收入淨額”採年平均匯率計算,“本月營業收入淨額”採該月平均匯率計算,故累計營收淨額與各月營收淨額加總會有差異",-7.78,1879657,31.07,1322380,1733370,44.23,8274715,11934677,2020-09
3701,大眾控,-,10.01,622113,23.7,553296,684438,-4.92,4605617,4378634,2020-09
3706,神達,-,-0.43,3837984,43.1,2670345,3821282,18.65,22693435,26926606,2020-09
3712,永崴投控,-,55.82,351008,-10.81,613268,546959,-22.58,5096735,3945620,2020-09
4916,事欣科,因對恩德(1528)喪失控制力，故未予納入合併營收，致單月營收年減逾50%。,3.0,147391,-77.74,682198,151815,-44.97,4912659,2703429,2020-09
4938,和碩,無,1.64,103908742,7.32,98406528,105613255,3.17,790629320,815757809,2020-09
5258,虹堡,-,0.16,254254,-5.0,268093,254670,11.67,2032860,2270297,2020-09
6117,迎廣,-,-27.89,236612,-12.01,193911,170611,16.19,1309492,1521521,2020-09
6128,上福,-,-8.14,325940,-32.54,443839,299400,-37.41,4281584,2679653,2020-09
6166,凌華,-,-14.68,795020,-18.95,836907,678307,-10.87,6851164,6106205,2020-09
6172,互億,-,3.99,49991,18.63,43823,51989,-21.19,397890,313574,2020-09
6206,飛捷,-,4.2,386346,-2.17,411526,402577,-18.23,3665183,2996771,2020-09
6230,超眾,-,18.58,695565,7.08,770267,824812,0.46,5500666,5526433,2020-09
6235,華孚,-,12.74,145895,-1.3,166668,164488,-22.67,1475198,1140662,2020-09
6277,宏正,-,7.72,394441,4.2,407765,424922,-6.63,3272388,3055229,2020-09
6414,樺漢,-,10.91,6241571,11.11,6230238,6922681,1.86,49036481,49953105,2020-09
6579,研揚,-,-16.11,569515,-9.52,528078,477758,-1.47,4108490,4047799,2020-09
6669,緯穎,-,-5.29,15609333,34.29,11007754,14782687,14.21,102975359,117611379,2020-09
8114,振樺電,-,11.77,623611,-22.61,900683,697020,-21.22,6456080,5085540,2020-09
8163,達方,-,-0.57,2031241,27.94,1578449,2019620,12.86,12306353,13889086,2020-09
8210,勤誠,-,-8.57,730654,20.58,553952,667997,17.71,4192150,4934761,2020-09
9912,偉聯,-,1.17,48105,15.29,42212,48668,-15.2,381315,323335,2020-09
2323,中環,-,-3.99,765724,14.47,642172,735152,24.2,4906193,6093950,2020-09
2340,光磊,-,48.87,346114,-4.03,536935,515294,-10.76,3626100,3235696,2020-09
2349,錸德,-,1.97,601933,-1.16,621081,613844,-18.77,5282610,4290643,2020-09
2374,佳能,2020年與去年同期差異達50%以上說明：1.安控產品客戶出貨量下修。2.消費型數位相機出貨持續萎縮。,-7.56,292193,-29.25,381790,270083,-58.32,4936554,2057421,2020-09
2393,億光,-,1.56,1888521,8.15,1773483,1918067,1.43,13773136,13971017,2020-09
2406,國碩,-,-1.9,809631,36.93,579974,794184,0.84,5626229,5673687,2020-09
2409,友達,-,5.92,22897746,0.47,24139949,24253997,-10.17,182950006,164342107,2020-09
2426,鼎元,-,-0.49,219065,14.21,190860,217983,-8.61,1718852,1570830,2020-09
2438,翔耀,-,5.66,26503,-20.08,35042,28005,-6.66,280777,262063,2020-09
2448,晶電,-,15.53,1128869,-8.88,1431469,1304233,-15.61,10608668,8951696,2020-09
2466,冠西電,主係本年度機上盒收入較去年大幅減少,-12.88,271980,-2.91,244046,236926,-54.6,2046736,929127,2020-09
2486,一詮,-,6.43,349979,21.03,307778,372505,6.94,2410032,2577459,2020-09
2489,瑞軒,-,6.43,1310197,11.54,1250149,1394468,2.66,9443473,9694789,2020-09
2491,吉祥全,本期係透過損益按公允價值衡量之金融資產損益未實現評價調整。,-70.65,21600,-81.03,33413,6338,-38.82,224140,137125,2020-09
3008,大立光,-,8.93,4612265,-22.1,6450357,5024595,-0.78,35791855,35510711,2020-09
3019,亞光,-,-0.32,1509006,-13.9,1747103,1504083,-22.58,12682497,9817702,2020-09
3024,憶聲,-,-10.81,166455,20.47,123218,148450,-0.82,941065,933329,2020-09
3031,佰鴻,-,9.8,112797,-24.24,163492,123861,-26.5,1169727,859673,2020-09
3038,全台,-,-0.0,329031,-21.57,419542,329012,-6.2,2698789,2531450,2020-09
3049,和鑫,本期營收較去年同期減少51.02%，係客戶需求減少及減少合併個體所致。,-14.48,250816,-51.01,437876,214480,-34.3,2917240,1916369,2020-09
3050,鈺德,108年9月26日子公司厚聚能源開發取得錸洋科技股權，經由會計師事務所重編107年及108年合併報表 ，因此更新合併後相關營收數。,1.7,87845,-13.64,103466,89343,-2.34,663496,647916,2020-09
3051,力特,-,-9.12,214844,-18.42,239339,195243,-8.63,1637467,1496132,2020-09
3059,華晶科,-,-2.49,535340,-3.05,538407,521974,-14.37,4315024,3694812,2020-09
3149,正達,-,5.38,235738,-4.38,259820,248421,-16.06,1872125,1571346,2020-09
3356,奇偶,-,6.18,91457,-25.05,129578,97115,-20.95,953931,754072,2020-09
3383,新世紀,-,30.92,38295,-25.81,67582,50136,-21.05,461349,364207,2020-09
3406,玉晶光,-,13.64,1564023,-3.29,1838066,1777421,43.96,6328015,9109864,2020-09
3437,榮創,-,-0.75,498990,49.69,330837,495241,40.94,2473419,3486054,2020-09
3454,晶睿,-,-8.89,496656,-21.2,574277,452490,-16.86,4728106,3930529,2020-09
3481,群創,-,2.81,23773308,16.12,21047072,24441461,0.48,164687045,165489546,2020-09
3504,揚明光,-,8.47,338853,-10.2,409336,367574,-23.4,3219046,2465631,2020-09
3535,晶彩科,本公司以銷售機台為主，因本年度出售機台較去年同期減少，此為產業特性，尚屬正常。,-63.47,98640,-18.72,44323,36025,-55.49,1526700,679499,2020-09
3543,州巧,-,0.7,286186,18.99,242202,288203,-1.51,1938857,1909427,2020-09
3563,牧德,-,7.06,150082,-29.3,227284,160681,-12.45,1912338,1674162,2020-09
3576,聯合再生,-,5.1,1137045,-23.43,1560868,1195054,-33.2,12893271,8611945,2020-09
3591,艾笛森,-,8.81,142162,-19.58,192378,154698,-20.59,1608940,1277646,2020-09
3622,洋華,-,-67.44,112284,-39.44,60363,36553,8.94,461892,503220,2020-09
3669,圓展,本月較去年同期增加主要係因出貨量增加所致。,27.69,468395,196.91,201439,598101,51.46,1436559,2175909,2020-09
3698,隆達,-,-6.83,983739,12.36,815672,916513,-7.16,6150551,5710103,2020-09
4934,太極,-,-3.29,185551,-5.66,190214,179443,-7.5,1549342,1433088,2020-09
4942,嘉彰,-,12.08,591374,0.6,658840,662819,-7.91,4844364,4460787,2020-09
4956,光鋐,-,-10.56,123360,16.23,94912,110323,1.0,785079,792990,2020-09
4960,誠美材,"108年12月後,原重要子公司昆山之奇美材料科技有限公司改列為轉投資公司,故其營業收入無須再併入本公司營收合併申報",13.21,731309,-25.01,1104211,827955,-41.37,10005185,5865401,2020-09
4976,佳凌,-,16.94,117401,49.06,92099,137291,-20.56,887785,705214,2020-09
5234,達興材料,-,-0.93,358933,-9.03,390907,355582,-4.93,3046048,2895682,2020-09
5484,慧友,-,2.64,25939,37.27,19396,26626,-5.51,206609,195223,2020-09
6116,彩晶,-,29.23,1475308,46.07,1305146,1906542,2.01,10249004,10455508,2020-09
6120,達運,-,-7.33,1271067,-17.87,1434171,1177822,-26.07,11454565,8467553,2020-09
6131,鈞泰,本月投資評價損失，致使本月及本年累計增減百分比達50%以上,-286.78,-1264,-8789.09,-55,-4889,-711.55,926,-5663,2020-09
6164,華興,-,8.26,54687,-25.77,79767,59209,-19.47,635470,511683,2020-09
6168,宏齊,-,13.71,186880,23.65,171855,212511,7.64,1441800,1552025,2020-09
6176,瑞儀,-,5.98,5022393,10.16,4832155,5323123,-10.3,38070210,34145276,2020-09
6209,今國光,-,0.95,283253,-10.4,319179,285958,-21.07,2232995,1762323,2020-09
6225,天瀚,行車紀錄器及數位影像產品逐漸發酵所致,9.78,2922,248.69,920,3208,91.88,7158,13735,2020-09
6226,光鼎,-,-4.41,69398,-17.57,80482,66335,-23.75,667394,508836,2020-09
6278,台表科,-,2.89,3775631,16.48,3335158,3884816,3.03,24844556,25598770,2020-09
6289,華上,本月營收較去年同期減少，主要係因新冠肺炎疫情影響。,-30.48,6413,-58.14,10652,4458,-42.36,78196,45067,2020-09
6405,悅城,-,22.28,38856,-11.97,53976,47514,-19.68,379938,305141,2020-09
6443,元晶,-,8.47,445326,17.72,410308,483053,1.96,3096723,3157594,2020-09
6477,安集,本月模組銷售量較去年同期增加，故整體合併營收上升。,-5.31,302834,151.59,113966,286736,24.12,1113832,1382591,2020-09
6668,中揚光,-,-7.31,159902,-10.12,164902,148203,39.69,830890,1160684,2020-09
6706,惠特,-,1.18,203681,-25.07,275074,206092,-22.74,2659047,2054347,2020-09
8104,錸寶,-,7.94,145615,14.55,137220,157191,-12.8,1160092,1011552,2020-09
8105,凌巨,-,7.76,552400,-20.69,750619,595308,-24.98,5981640,4486885,2020-09
8215,明基材,-,2.16,1250452,9.87,1162762,1277552,2.44,9461032,9692323,2020-09
2314,台揚,-,-10.69,336710,-25.47,403498,300711,-33.39,3971533,2645086,2020-09
2321,東訊,-,23.54,84314,11.98,93018,104162,-32.24,1089928,738466,2020-09
2332,友訊,-,-4.11,1369499,-4.28,1371993,1313173,-14.26,11134415,9545761,2020-09
2345,智邦,-,18.37,4124487,-17.5,5918287,4882302,-5.8,35411675,33357219,2020-09
2412,中華電,-,4.33,16296592,0.04,16994320,17002235,-4.34,135129615,129256690,2020-09
2419,仲琦,-,12.0,898957,8.38,929048,1006909,-16.85,7097097,5900556,2020-09
2439,美律,-,6.71,2492807,-25.74,3582689,2660172,-30.74,24236174,16784194,2020-09
2444,兆勁,-,-10.53,165418,-8.17,161169,147996,11.8,943939,1055387,2020-09
2450,神腦,-,7.32,2169288,-2.07,2377624,2328268,-10.46,19162089,17156315,2020-09
2455,全新,-,-3.77,216211,-11.08,233977,208044,6.18,1570524,1667635,2020-09
2485,兆赫,-,21.73,699170,11.21,765285,851105,-10.0,5527670,4974777,2020-09
2498,宏達電,本年營收較去年同期減少，主要係因出貨量減少所致。,52.27,283989,-41.13,734614,432431,-51.06,6925960,3389564,2020-09
3025,星通,國內客戶需求較去年增加,-3.87,61845,67.98,35390,59450,6.82,342245,365616,2020-09
3027,盛達,主要係來自北美電信公司網通路由器訂單暨太陽能變流器產品訂單增加所致。,26.32,66508,87.4,44830,84013,25.37,425500,533458,2020-09
3045,台灣大,-,2.66,10385701,5.42,10113813,10662570,5.36,79950741,84242589,2020-09
3047,訊舟,客戶需求持續增溫，帶動營收成長,2.14,614537,72.45,363994,627719,13.68,3584012,4074493,2020-09
3062,建漢,-,8.39,409267,-12.16,505104,443638,-21.01,3836231,3030120,2020-09
3138,耀登,-,4.98,104261,21.73,89913,109454,27.69,585167,747249,2020-09
3311,閎暉,-,5.89,142254,-36.78,238274,150634,-29.76,1490169,1046612,2020-09
3380,明泰,主係因新增合併子公司仲琦增加營收，使本月營收年增率達50%以上,5.19,3020293,144.22,1300864,3177062,94.74,9708552,18907021,2020-09
3419,譁裕,-,-57.6,186612,-36.49,124587,79119,1.13,994863,1006126,2020-09
3596,智易,-,-3.66,3194146,26.07,2440600,3077036,-6.78,22917752,21362676,2020-09
3682,亞太電,-,0.58,1094361,-14.28,1284290,1100782,-2.7,9268292,9017150,2020-09
3694,海華,-,3.9,909752,23.49,765450,945308,19.12,4953087,5900170,2020-09
3704,合勤控,-,20.56,1731667,7.65,1939306,2087851,-24.66,17124356,12899926,2020-09
4904,遠傳,-,1.9,6275774,-6.85,6866012,6395138,-7.59,54901947,50734491,2020-09
4906,正文,-,0.88,2184262,37.84,1598683,2203654,-3.63,13155432,12676587,2020-09
5388,中磊,-,-4.21,3015737,3.49,2791135,2888565,16.2,18898399,21959956,2020-09
6136,富爾特,-,-7.86,63110,-0.97,58720,58149,-21.02,569683,449881,2020-09
6142,友勁,-,6.31,360803,11.21,344914,383603,-18.23,2327575,1903233,2020-09
6152,百一,-,5.77,296484,-26.78,428311,313602,-41.13,2911307,1713764,2020-09
6216,居易,-,55.3,55854,4.89,82694,86746,-10.06,614412,552548,2020-09
6285,啟��,-,-0.03,5608431,-5.23,5915831,5606398,-1.69,40344424,39660204,2020-09
6416,瑞祺電通,-,10.73,401537,24.14,358174,444654,45.22,2455881,3566651,2020-09
6442,光聖,-,-1.23,219764,-3.95,225985,217046,-8.75,1724042,1573140,2020-09
6674,鋐寶科技,-,3.58,251632,-0.63,262326,260657,-18.2,2058222,1683444,2020-09
8011,台通,-,17.3,94552,12.23,98820,110910,4.81,907270,950930,2020-09
8101,華冠,主要客戶需求增加，出貨量增加，導致營收較去年同期大幅成長。,86.43,234886,458.86,78359,437920,21.89,1431912,1745425,2020-09
1471,首利,本月營收較去年同期增加主要係因為客戶需求增加所致。,12.7,146551,184.81,57993,165174,14.05,634567,723755,2020-09
1582,信錦,-,8.92,772978,12.93,745469,841928,7.92,5575094,6016800,2020-09
2059,川湖,-,1.91,415964,10.6,383260,423918,3.91,3059569,3179432,2020-09
2308,台達電,-,-2.67,25782308,3.2,24314750,25092922,0.41,176524265,177248022,2020-09
2313,華通,-,11.3,5076659,1.21,5582498,5650482,10.13,32904602,36237937,2020-09
2316,楠梓電,-,-23.88,460984,-14.11,408549,350884,-3.92,3336090,3205082,2020-09
2327,國巨,8月份營收增加，主要是客戶訂單需求穩健增溫、生產廠區的產能及庫存逐步改善所致,4.07,7009693,113.65,3414724,7295595,36.11,27765121,37791983,2020-09
2328,廣宇,-,1.7,1785353,-22.72,2349797,1815790,-21.71,16940690,13261186,2020-09
2355,敬鵬,-,1.26,1221604,-10.25,1378364,1237063,-20.02,12066344,9649856,2020-09
2367,燿華,-,42.13,991354,-32.17,2077404,1409013,-43.13,14564108,8282040,2020-09
2368,金像電,-,2.28,2147302,41.95,1547274,2196404,34.57,11687958,15728812,2020-09
2375,凱美,-,-3.85,405427,-4.9,409904,389787,-8.92,3095869,2819416,2020-09
2383,台光電,-,14.1,2269456,9.68,2360996,2589601,8.22,15770980,17068700,2020-09
2385,群光,-,4.56,8194616,-5.24,9042891,8569027,2.02,58780976,59969981,2020-09
2392,正崴,-,-1.6,8474038,-7.73,9037905,8338378,-9.27,58775485,53324135,2020-09
2402,毅嘉,-,12.66,426346,-9.62,531487,480357,-23.97,4069682,3093935,2020-09
2413,環科,-,-9.5,360045,2.22,318739,325827,-3.25,2407323,2328879,2020-09
2415,錩新,-,14.23,144894,-17.5,200650,165523,-22.56,1495197,1157852,2020-09
2420,新巨,-,-7.42,232602,-7.26,232197,215321,-10.74,1749575,1561569,2020-09
2421,建準,-,-10.08,1213418,3.86,1050424,1090989,11.47,7315400,8154748,2020-09
2428,興勤,-,-1.77,541506,6.28,500409,531878,-3.66,3805758,3666093,2020-09
2429,銘旺科,-,66.39,56521,27.68,73656,94047,-5.68,544253,513300,2020-09
2431,聯昌,-,-20.48,257379,-16.38,244779,204661,-20.38,1900311,1512964,2020-09
2440,太空梭,-,-3.14,282077,14.89,237789,273200,-1.06,1748806,1730177,2020-09
2456,奇力新,-,-2.15,1599461,11.3,1406010,1564952,7.69,10477275,11283231,2020-09
2457,飛宏,-,5.22,764787,-10.63,900466,804716,-22.15,7226738,5625854,2020-09
2460,建通,-,9.35,309635,20.12,281879,338607,-11.83,2265549,1997455,2020-09
2462,良得電,-,-8.7,442993,-8.44,441726,404414,-6.64,3048382,2845705,2020-09
2467,志聖,-,-10.43,348974,-5.96,332380,312561,-24.34,3080520,2330612,2020-09
2472,立隆電,-,7.17,654641,22.26,573849,701621,8.15,4592795,4967319,2020-09
2476,鉅祥,-,-3.69,402431,-10.81,434567,387549,-8.92,3296507,3002319,2020-09
2478,大毅,-,15.57,443893,31.46,390253,513031,15.77,2975571,3444996,2020-09
2483,百容,-,-13.03,157086,-7.38,147514,136616,-5.77,1221222,1150641,2020-09
2484,希華,-,1.28,233413,13.02,209179,236417,6.96,1523763,1629859,2020-09
2492,華新科,"8月合併營收34.1億,較7月增1.4%,與去年8月比增 39.7%,累計較去年增4%,茲因中國加速擴大內需巿場及5G相關需求持續增長.",1.44,3359950,39.68,2440065,3408491,4.03,21059219,21909272,2020-09
2493,揚博,-,1.45,203482,-3.25,213370,206433,1.5,1646719,1671543,2020-09
3003,健和興,-,10.9,261716,3.48,280491,290269,-6.64,2255215,2105450,2020-09
3011,今皓,-,-5.33,107107,-12.54,115932,101391,-2.98,886401,859984,2020-09
3015,全漢,-,-6.46,1511959,9.78,1288045,1414143,2.64,9075110,9315504,2020-09
3021,鴻名,-,-3.78,260761,14.7,218717,250881,3.72,1669513,1731753,2020-09
3023,信邦,-,2.71,1909058,14.94,1706013,1960929,11.11,12352716,13725827,2020-09
3026,禾伸堂,-,5.14,1261953,0.7,1317554,1326872,0.23,9370161,9392106,2020-09
3032,偉訓,-,7.3,786104,26.12,668806,843513,9.77,4913328,5393827,2020-09
3037,欣興,-,-2.06,7635849,-6.12,7966058,7478052,9.97,52184114,57391190,2020-09
3042,晶技,-,5.03,957079,21.01,830712,1005279,28.84,5151622,6637496,2020-09
3044,健鼎,-,0.45,5086246,-1.43,5183466,5109168,-1.6,35493819,34923167,2020-09
3058,立德,-,0.31,385459,-2.5,396617,386684,-10.6,3030801,2709509,2020-09
3090,日電貿,-,-5.73,815975,-2.33,787541,769141,3.63,5893642,6107693,2020-09
3229,晟鈦,海外子公司之營收係以當年度平均匯率換算之，本月減少百分比達50%，主因去年同期認列專案營收。,-22.65,31697,-71.89,87238,24517,-20.88,347944,275277,2020-09
3296,勝德,-,-2.68,252511,9.96,223462,245725,-18.91,1847757,1498237,2020-09
3308,聯德,-,13.36,30566,-40.53,58276,34651,-45.12,402588,220901,2020-09
3321,同泰,-,0.19,161549,-9.71,179266,161859,-22.17,1537992,1196998,2020-09
3338,泰碩,-,-3.62,421472,-6.01,432207,406193,24.39,2816569,3503619,2020-09
3376,新日興,-,8.28,1308485,46.29,968573,1416938,33.89,6822781,9135454,2020-09
3432,台端,係因客戶訂單減少所致,-48.26,4390,-47.52,4328,2271,-50.82,41272,20296,2020-09
3501,維熹,-,-7.12,483410,2.47,438160,448986,-13.67,3389719,2926248,2020-09
3533,嘉澤,-,21.08,1325522,8.72,1476222,1605007,11.19,9712076,10798865,2020-09
3550,聯穎,-,-4.05,307828,1.92,289756,295346,-4.75,2232288,2126196,2020-09
3593,力銘,去年營收不佳，主係適逢客戶新舊機種交替之空窗期。,-1.56,69856,140.37,28607,68765,7.28,384908,412946,2020-09
3605,宏致,"本公司於108年7月新增子公司廣迎新工業(股)公司 ,本年合併營收金額含廣迎新工業(股)公司之營收金額",-3.95,768042,8.73,678429,737703,14.47,4507199,5159821,2020-09
3607,谷崧,-,24.22,239964,-17.73,362367,298085,-40.14,3092649,1851098,2020-09
3645,達邁,-,8.17,178380,22.64,157325,192956,0.31,1199668,1203434,2020-09
3653,健策,-,3.33,541245,23.3,453602,559296,31.4,3471166,4561327,2020-09
3679,新至陞,-,13.13,446719,48.25,340912,505408,14.11,2351981,2684079,2020-09
4545,銘鈺,-,14.75,151189,7.47,161430,173503,1.62,1154439,1173235,2020-09
4915,致伸,-,3.15,5747565,-30.89,8579706,5928822,-10.45,46290614,41451907,2020-09
4989,榮科,-,-26.71,228326,-36.95,265402,167331,-9.04,1918578,1744984,2020-09
4999,鑫禾,-,-4.26,243569,36.28,171084,233170,23.22,1341338,1652866,2020-09
5469,瀚宇博,無,7.08,3951630,8.83,3888009,4231513,1.56,28103686,28542620,2020-09
6108,競國,-,6.02,714593,1.64,745408,757679,3.04,5223850,5382933,2020-09
6115,鎰勝,-,-0.53,590031,3.45,567247,586869,-13.97,4428254,3809449,2020-09
6133,金橋,-,-19.57,104800,-24.32,111391,84290,-24.09,787089,597449,2020-09
6141,柏承,資料係自行結算數,-0.89,306738,16.45,261030,303988,-2.61,2049746,1996147,2020-09
6153,嘉聯益,-,-2.32,1475172,-10.63,1612328,1440921,-15.31,11446078,9692776,2020-09
6155,鈞寶,-,35.23,42297,-8.07,62227,57200,-6.33,418484,391979,2020-09
6165,捷泰,本公司100%持有旭瑞文化傳媒股份有限公司，合併基準日為109/08/17，合併後營收大幅提高。,163833.33,51,46091.16,181,83606,5090.66,1628,84504,2020-09
6191,精成科,-,12.08,1875425,8.23,1942150,2102139,-1.48,14312028,14098986,2020-09
6197,佳必琪,-,-4.44,334022,-11.62,361158,319168,-6.61,2383066,2225535,2020-09
6205,詮欣,-,-43.14,147109,-5.98,88961,83637,15.0,803998,924630,2020-09
6213,聯茂,-,-6.91,2118656,-9.23,2172880,1972193,10.55,15545901,17186047,2020-09
6224,聚鼎,-,1.65,146244,-13.55,171967,148664,4.34,1017354,1061595,2020-09
6251,定穎,-,10.59,1032013,-11.98,1296670,1141324,-10.25,8815482,7911374,2020-09
6269,台郡,-,4.55,2434617,-3.04,2625428,2545393,14.03,14154423,16141464,2020-09
6282,康舒,-,-1.6,1847655,3.62,1754414,1818052,-2.06,13880701,13594133,2020-09
6412,群電,-,3.3,2997734,-7.02,3330824,3096842,-0.46,22142705,22040398,2020-09
6449,鈺邦,-,10.78,226236,23.83,202406,250644,20.66,1221239,1473594,2020-09
6715,嘉基,-,71.09,111108,0.57,189011,190102,-5.92,1544189,1452703,2020-09
8039,台虹,自結數尚未經會計師簽證，特此說明。,1.01,851728,17.58,731721,860388,9.12,4931650,5381808,2020-09
8046,南電,-,7.65,3377828,32.26,2749332,3636289,23.79,19414838,24034959,2020-09
8103,瀚荃,係本公司自結合併營收,-11.92,290488,-8.69,280230,255858,-3.17,2074889,2008929,2020-09
8213,志超,-,-1.78,2010008,-0.28,1979638,1974047,0.03,14648494,14654159,2020-09
8249,菱光,-,11.81,291468,-22.59,421039,325897,-29.02,3043753,2160335,2020-09
2347,聯強,本月營收係當月自結數，前期調整數反應在本年累計營收內,-2.38,29097426,-0.14,28446408,28404644,-6.99,217300846,202097761,2020-09
2414,精技,-,-14.68,1987483,-9.81,1880152,1695693,17.29,12003097,14079127,2020-09
2430,燦坤,-,-12.72,2097020,18.2,1548328,1830126,0.62,13016708,13098230,2020-09
2459,敦吉,-,5.56,602003,-12.42,725680,635483,-20.64,5026527,3988880,2020-09
3010,華立,-,-2.03,5215809,4.64,4882520,5109468,5.08,35700427,37514755,2020-09
3028,增你強,-,-9.52,3493886,34.17,2355913,3160939,13.29,17725993,20083362,2020-09
3033,威健,-,-16.78,6208651,18.34,4365554,5166444,20.65,30610864,36933888,2020-09
3036,文曄,-,-2.19,28050163,-11.96,31166267,27435829,1.99,203632545,207685837,2020-09
3048,益登,-,6.02,9726609,-1.27,10445764,10312398,9.98,58884490,64766599,2020-09
3055,蔚華科,增加:新增子公司營收135M、驗證服務10M;減少:新產品線18M、Cohu代理線終止經銷4M、零配件2M、二手設備1M。,29.25,204298,82.14,144969,264056,33.48,1387111,1851544,2020-09
3209,全科,-,-10.02,3946869,-8.41,3877506,3551076,9.31,24469297,26748332,2020-09
3312,弘憶股,-,2.32,1146443,-0.54,1179559,1173125,9.92,7712129,8477735,2020-09
3528,安馳,-,-3.61,389156,8.58,345429,375080,24.67,2676716,3337164,2020-09
3702,大聯大,-,-5.15,57306638,15.7,46975350,54352682,17.51,334022503,392513847,2020-09
5434,崇越,-,-0.46,2957667,8.11,2722992,2944010,19.66,20108747,24063355,2020-09
6189,豐藝,-,2.01,2292559,13.09,2067882,2338681,13.08,14888851,16837117,2020-09
6281,全國電,-,-13.7,2327760,27.42,1576384,2008675,11.92,12464810,13951815,2020-09
8070,長華*,-,-5.01,1357138,-4.44,1349069,1289131,6.45,9910574,10550581,2020-09
8072,陞泰,第三季客戶提前拉貨以備第四季庫存。,29.76,112213,91.21,76151,145614,28.02,515852,660410,2020-09
8112,至上,-,-10.05,11652027,-14.69,12285900,10480774,22.52,68489161,83914826,2020-09
2427,三商電,-,7.94,231780,10.54,226340,250204,2.04,1690639,1725214,2020-09
2453,凌群,-,-0.29,432225,-2.67,442810,430957,-4.05,3344573,3208826,2020-09
2468,華經,-,15.98,212289,30.1,189241,246214,18.34,1232667,1458796,2020-09
2471,資通,-,-3.21,69900,8.81,62172,67650,2.55,453080,464650,2020-09
2480,敦陽科,-,1.55,409428,8.94,381654,415801,2.39,3378332,3459313,2020-09
3029,零壹,-,1.07,835614,12.52,750599,844575,19.79,5686144,6811756,2020-09
3130,一零四,-,3.18,143013,1.21,145790,147567,-2.1,1100721,1077519,2020-09
4994,傳奇,-,-16.41,354865,-23.76,389066,296617,-10.91,2518662,2243853,2020-09
5203,訊連,-,-8.82,162626,35.91,109096,148273,19.03,909414,1082540,2020-09
6112,聚碩,-,-14.41,1179297,-5.66,1069848,1009270,11.73,8280438,9251856,2020-09
6183,關貿,-,-20.7,173464,-1.41,139528,137552,9.78,1043604,1145684,2020-09
6214,精誠,-,-19.46,1991664,-10.21,1786534,1603968,7.96,14096699,15219571,2020-09
2312,金寶,-,-1.1,11757738,-2.99,11987213,11627894,-14.9,92007492,78292099,2020-09
2317,鴻海,-,4.26,403325650,5.44,398815197,420545724,-4.37,3013700353,2881989079,2020-09
2354,鴻準,-,-1.88,11334512,-17.87,13541006,11121026,-7.82,61405512,56602030,2020-09
2359,所羅門,-,-0.61,297529,-28.32,412551,295693,-12.82,2555464,2227842,2020-09
2360,致茂,-,-22.31,1594142,2.07,1213182,1238344,20.91,8296731,10032003,2020-09
2373,震旦行,-,1.37,1174130,7.34,1108753,1190244,-10.41,9099553,8151907,2020-09
2390,云辰,-,0.49,41750,-22.79,54344,41955,-17.56,424718,350097,2020-09
2404,漢唐,"本月營收較去年同期增加50%,係因本月正在投入進行的專案較去年同期增加所致",14.6,3760281,191.44,1478605,4309378,61.48,15426680,24911117,2020-09
2423,固緯,-,-6.54,193534,-14.27,210967,180858,-13.32,1613208,1398313,2020-09
2433,互盛電,-,-3.81,339807,-8.65,357825,326840,-7.6,2876890,2658160,2020-09
2461,光群雷,-,3.91,488735,-2.14,519027,507887,1.56,3406717,3460158,2020-09
2464,盟立,-,3.26,724335,-22.64,966930,747973,-35.8,8791314,5643962,2020-09
2474,可成,無,-1.62,7851674,-11.6,8738308,7723815,13.05,49295624,55729900,2020-09
2477,美隆電,-,39.48,201341,-27.29,386281,280838,-29.72,2458609,1727859,2020-09
2482,連宇,-,8.2,62460,-29.67,96100,67587,-11.97,669724,589496,2020-09
2488,漢平,-,35.02,171957,-11.42,262143,232182,-39.9,1688766,1014861,2020-09
2495,普安,-,-25.67,114658,-27.6,117712,85214,-15.48,879922,743680,2020-09
3018,同開,本公司係以完工比例法認列收入，本月收入增加，係本年度在攬工程投入成本較高所致。,55.92,82957,88.19,68732,129347,49.87,682349,1022660,2020-09
3030,德律,-,3.44,464128,29.26,371436,480124,22.7,2928857,3593858,2020-09
3043,科風,-,-12.78,99553,-27.87,120374,86823,-11.3,764301,677881,2020-09
3305,昇貿,-,3.35,443160,5.28,435045,458046,-9.24,3398713,3084388,2020-09
3450,聯鈞,-,-1.81,557199,9.57,499281,547073,3.71,3904763,4049979,2020-09
3518,柏騰,-,-4.09,62762,31.51,45769,60192,16.75,351856,410802,2020-09
3617,碩天,-,-1.01,868112,-7.71,931089,859269,-6.27,6039212,5660473,2020-09
6139,亞翔,合併營收數字係自結本業合併營收，最終亞翔合併營收數字以會計師查核為準。,4.61,969759,7.87,940440,1014538,-18.74,10127165,8228690,2020-09
6192,巨路,-,16.52,479134,12.85,494699,558311,-9.37,4334776,3928239,2020-09
6196,帆宣,-,21.77,1847044,25.65,1789975,2249188,-1.0,15538649,15382131,2020-09
6201,亞弘電,-,10.07,353332,29.62,300045,388933,-8.95,2265303,2062448,2020-09
6215,和椿,-,-5.0,129422,1.04,121681,122949,7.76,991129,1068074,2020-09
6283,淳安,本月營收大幅上升，主係因本月合併新取得子公司營收所致。,52.05,122106,68.52,110168,185665,17.06,727598,851741,2020-09
6409,旭隼,-,-4.5,1238084,1.09,1169561,1182320,3.94,8492466,8827115,2020-09
6558,興能高,-,16.52,165489,5.78,182278,192831,-25.84,1372704,1017957,2020-09
6698,旭暉應材,-,44.81,44597,-31.13,93779,64585,-43.3,615391,348911,2020-09
6743,安普新,受惠居家商機與遠距工作，耳機需求量增加，公司訂單亦隨之成長。,4.91,661603,82.37,380582,694096,96.48,1373235,2698268,2020-09
8021,尖點,-,1.76,260590,4.91,252768,265189,-4.21,1940450,1858580,2020-09
8201,無敵,-,-52.2,87771,-29.68,59658,41951,-21.53,832365,653149,2020-09
2616,山隆,-,0.54,1397829,-4.56,1472642,1405461,-12.13,11932644,10484605,2020-09
6505,台塑化,-,-10.02,33532841,-43.58,53480947,30169512,-36.92,445787158,281163240,2020-09
8926,台汽電,子公司星能(股)依工程進度認列收入較去年同期增加。,-8.88,774384,-28.82,991343,705610,99.09,3209159,6389309,2020-09
9908,大台北,-,-4.04,246764,-25.1,316178,236788,-16.11,2933500,2460643,2020-09
9918,欣天然,-,-2.39,111592,-19.05,134561,108915,-6.45,1544008,1444381,2020-09
9926,新海,-,4.67,143816,-7.19,162200,150536,-7.17,1652480,1533942,2020-09
9931,欣高,-,3.27,82300,-25.68,114367,84992,-14.86,1006101,856586,2020-09
9937,全國,-,-1.54,1635903,-16.57,1930669,1610641,-21.45,15317429,12030561,2020-09
1316,上曜,本年增加房地收入,-16.37,46213,8.89,35488,38646,175.58,341047,939868,2020-09
1436,華友聯,109年8月營收較去年同期增加之原因，係本月交屋較去年同期增加,-61.84,395003,1423.81,9890,150705,82.64,666040,1216477,2020-09
1438,三地開發,"108年度累計銷售商品10仟元，109年度累計銷售商品、房屋及土地98,426仟元，故營收變化大。",,0,100.0,2,4,984160.0,10,98426,2020-09
1442,名軒,本月認收22戶，去年同期認收3戶；本年累計認收199戶，去年累計認收17戶，故兩期差異大。,-79.71,870040,448.99,32143,176465,278.92,404931,1534374,2020-09
1805,寶徠,去年同期營收較高，主要係認列桃園青埔案之收入；本年累計營收較高主要係認列新店康橋旭案之收入所致。,-99.12,5143,-99.76,19160,45,50.54,84123,126647,2020-09
1808,潤隆,營收變動主要係本月工程及房地出售收入皆較去年同期增加所致。,14.09,607537,90.92,363046,693139,42.37,2368170,3371779,2020-09
2501,國建,本月交屋入帳較多,-7.18,930579,257.84,241362,863707,-21.08,5971875,4712961,2020-09
2504,國產,福建水泥108/10起不列入合併主體，本月影響數1.24億，本年累計影響數12.67億，排除該影響，營收同期增加10.7%，累計增加6.4%。,-4.54,1533003,1.2,1445972,1463388,-4.77,12069184,11493068,2020-09
2505,國揚,"本年度營建收入10,614,712仟元，租賃收入8,628仟元。",135.02,110638,200.83,86434,260023,905.75,1056253,10623340,2020-09
2506,太設,-,-71.14,180904,-1.43,52961,52202,22.43,482319,590540,2020-09
2509,全坤建,"本年累計營收較去年同期累計減少,主要係認列餘屋銷售所致.",-6.38,77756,-22.57,94005,72788,-59.09,1388881,568135,2020-09
2511,太子,-,7.86,972913,17.71,891447,1049393,-15.45,8020498,6781063,2020-09
2515,中工,-,6.62,1058133,17.81,957627,1128265,5.78,7993136,8455401,2020-09
2516,新建,-,-50.5,817949,-41.44,691386,404816,-19.62,4696046,3774333,2020-09
2520,冠德,109年8月及109年1-8月營業收入較去年同期增加達50%以上，主係建設部門成屋去化順暢及營造部門在建案量規模成長所致。,10.5,1635701,150.57,721340,1807472,50.98,8285967,12510484,2020-09
2524,京城,本月及今年累計營業收入較去年同期大幅成長，主要原因為部份個案銷售成績佳，已完工開始入帳。,68.93,556030,244.26,272854,939345,78.78,3086530,5518233,2020-09
2527,宏璟,-,19.68,227515,-32.22,401735,272291,-34.72,2483685,1621138,2020-09
2528,皇普,主係109年08月認列租賃收入21仟元所致,0.0,21,-92.83,293,21,-86.4,1236,168,2020-09
2530,華建,"本年度出售房地收入較去年度增加30,670仟元,本年度租金收入較去年度同期增加410仟元.",4554.95,717,5011.17,653,33376,427.51,7270,38350,2020-09
2534,宏盛,無異常，本月因有個案銷售認列收入，及租賃收入,267.87,82830,1.86,299132,304711,-67.57,4281773,1388477,2020-09
2535,達欣工,-,23.02,987748,21.23,1002389,1215211,38.9,6907114,9594558,2020-09
2536,宏普,"今年本期餘屋銷售交屋量較去年同期增加,因此營收較多",205.49,159751,212.27,156283,488028,78.83,1518223,2715099,2020-09
2537,聯上發,本月營收較去年增加，係本月新北市個案收入增加所致；本期累積營收較去年增加，主要係今年新增雙北市個案收入之故。,-59.48,43781,471.33,3105,17740,112.75,693741,1475992,2020-09
2538,基泰,-,2.42,12659,11.03,11677,12966,28.93,124941,161092,2020-09
2539,櫻花建,無異常。本月僅有租賃收入，無建案交屋入帳，致本期營收較去年同期減少。,-99.96,698940,-99.68,74517,238,-3.37,2212368,2137638,2020-09
2540,愛山林,本月營收增加，主係不動產代銷個案銷售成長及增加營造收入所致。,59.91,404760,211.93,207505,647282,96.85,1351535,2660551,2020-09
2542,興富發,本月較去年同期增加，主要係本期認列「江翠段」及「市政潤隆」等建案完工並完成產權移轉所致。,59.13,1269802,233.69,605555,2020680,-15.55,15755757,13305598,2020-09
2543,皇昌,-,19.62,511797,49.47,409589,612242,15.2,3405585,3923428,2020-09
2545,皇翔,因本月成屋銷售情形較去年同期佳所致,48.57,360848,298.76,134448,536125,73.15,1766627,3059026,2020-09
2546,根基,單月營收差異主係因在手案量規模成長及依工程營運投入所致。,9.0,1227473,94.8,686853,1338048,37.47,6818262,9373374,2020-09
2547,日勝生,-,-32.75,775532,40.31,371665,521498,13.83,3568364,4061993,2020-09
2548,華固,本公司截至8月底累計營收較去年同期減少，係因本期認列交屋金額較低所致。,37.0,550763,-75.7,3106097,754561,-15.15,10775475,9142232,2020-09
2597,潤弘,-,8.27,1101351,13.04,1054901,1192502,19.57,6660309,7963815,2020-09
2841,台開,-,3.7,33325,-12.5,39500,34560,-14.78,266040,226700,2020-09
3052,夆典,本期主係機電工程及營建收入較去年同期增加,-4.29,622246,243.52,173357,595532,344.94,821193,3653822,2020-09
3056,總太,本月營收減少係因無建案交屋。,-93.76,28564,-99.88,1569714,1780,-42.56,2852434,1638280,2020-09
3266,昇陽,-,-46.43,482655,11.16,232561,258519,25.28,1342340,1681752,2020-09
3703,欣陸,-,-8.88,1988462,31.53,1377401,1811746,-17.31,15405403,12738221,2020-09
5515,建國,1.以上申報之合併營收已排除停業單位營收。2.廠辦及公宅工程投入提昇，整體營收較去年同期增加。,-7.52,641136,65.29,358695,592889,51.83,2922380,4437223,2020-09
5519,隆大,"本公司因108年出售J23、J26案之土地完成所有權登記程序認列收入,以致去年累計營收較高。",9.26,117888,7.11,120260,128812,-51.08,2498789,1222190,2020-09
5521,工信,無,94.24,125205,-35.21,375380,243208,136.37,2633894,6225859,2020-09
5522,遠雄,-,16.12,2235271,29.24,2008292,2595696,13.52,13244961,15035966,2020-09
5525,順天,本月母公司主要營收為硯山行案成屋收入,55.49,53958,-46.83,157800,83901,-56.76,1690563,730915,2020-09
5531,鄉林,建設業之銷售進度及狀況深受景氣榮枯及市場現狀影響，且建築個案之完工時間並非固定時點，故月營收的表現上會有較大之波動。,31.93,271794,-33.83,541926,358581,-38.62,3022534,1854941,2020-09
5533,皇鼎,累計營收較去年同期增加達50%以上，係兩期個案營收組成因子不同。,-79.03,266068,-34.85,85629,55782,72.06,1151977,1982191,2020-09
5534,長虹,本月較去年同期減少，係因「天際」、「天璽」個案減少完成產權移轉予客戶認列收入所致。,4.97,379793,-6.55,426659,398675,-24.84,5803503,4361552,2020-09
6177,達麗,本期較去年同期減少，主係本期餘屋銷售成交量及本期完工建案規模不及去年同期所致。,34.89,88128,-16.63,142613,118884,-63.69,5305220,1926043,2020-09
9906,欣巴巴,因有個案銷售認列收入。,-99.86,9184,-99.85,8106,12,180.15,16831,47153,2020-09
9946,三發地產,"本期營收較去年同期減少約20,524萬，係因去年同期預售案完工大量交屋認列營收。",57.47,73318,-63.99,320703,115460,-68.96,3676240,1140757,2020-09
2208,台船,主要係艦艇業務依進度認列營收所致,6.16,2248381,51.21,1578555,2387022,69.38,10054384,17031089,2020-09
2603,長榮,-,10.56,17085764,16.96,16150698,18891195,-1.93,125781232,123345023,2020-09
2605,新興,-,-11.75,384595,-3.72,352512,339375,24.68,2361166,2944040,2020-09
2606,裕民,-,1.97,830313,-28.5,1184272,846728,-18.16,6312742,5166041,2020-09
2607,榮運,-,0.71,586638,-8.14,643253,590850,-9.92,5184804,4670317,2020-09
2608,嘉里大榮,-,-3.57,1086163,0.98,1037087,1047326,3.9,7702826,8003711,2020-09
2609,陽明,-,6.46,12252479,3.27,12631351,13044917,-9.31,101109368,91689860,2020-09
2610,華航,-,4.61,8632737,-39.67,14970025,9031115,-32.48,113395028,76561021,2020-09
2611,志信,-,2.4,48917,-35.11,77204,50094,-34.7,603610,394147,2020-09
2612,中航,-,-3.89,269745,-15.29,306034,259240,-17.97,2540420,2083698,2020-09
2613,中櫃,-,-1.23,247525,2.79,237829,244465,-1.55,1881987,1852776,2020-09
2615,萬海,-,7.35,6076533,5.86,6161738,6523421,-2.69,48167679,46870544,2020-09
2617,台航,-,-2.43,227108,-19.48,275197,221572,-21.23,2105265,1658232,2020-09
2618,長榮航,主係受嚴重特殊傳染性肺炎疫情影響，航班取消致營收大幅減少。,1.46,6191888,-62.67,16831957,6282755,-48.08,119410778,61996673,2020-09
2630,亞航,-,-9.5,372350,-12.11,383415,336963,3.71,2554466,2649345,2020-09
2633,台灣高鐵,受疫情影響，運量減少所致。,9.79,3364502,-4.76,3879227,3694189,-22.8,31430916,24264272,2020-09
2634,漢翔,-,15.59,1487542,-30.01,2456970,1719523,-26.45,18142031,13342863,2020-09
2636,台驊投控,-,3.74,1219738,31.08,965366,1265456,21.15,7336562,8888384,2020-09
2642,宅配通,-,3.63,324454,11.65,301130,336235,7.98,2417815,2610897,2020-09
5607,遠雄港,"去年同期依子公司遠雄航空自由貿易港區(股)公司與近鐵運通(股)公司訴訟和解案內容認列營收,以致差異較大",-4.63,165353,-76.82,680436,157695,-27.44,1668663,1210754,2020-09
5608,四維航,-,1.83,235121,-26.85,327344,239430,-32.59,2549166,1718350,2020-09
8367,建新國際,無,9.45,152642,6.48,156906,167079,11.34,1149919,1280397,2020-09
2701,萬企,本月營業收入減少係育樂收入減少,12.95,21358,-16.85,29014,24125,-29.6,235428,165737,2020-09
2702,華園,主要係受新冠肺炎影響，致使本月營收大幅減少。,21.92,59912,-51.53,150731,73047,-47.48,980336,514801,2020-09
2704,國賓,-,7.27,164693,-20.98,223618,176682,-35.63,1906397,1227065,2020-09
2705,六福,-,5.71,237876,13.23,222063,251464,-27.95,1435164,1034010,2020-09
2706,第一店,-,26.44,18553,-18.24,28696,23460,-26.83,230056,168323,2020-09
2707,晶華,-,12.23,468736,-6.39,561999,526077,-21.76,4310497,3372133,2020-09
2712,遠雄來,"本月營收較去年同期成長56.63%,主係暑假疫情緩和又政府推出暖心旅遊專案及振興劵刺激消費情況下所致",14.34,74280,56.63,54224,84933,19.77,296983,355725,2020-09
2722,夏都,-,11.24,99691,34.65,82360,110899,-7.06,527718,490443,2020-09
2727,王品,-,25.1,1392177,8.17,1610051,1741617,-14.52,11196456,9570107,2020-09
2731,雄獅,因新型冠狀病毒肺炎疫情影響團體旅遊,97.63,198588,-83.32,2353335,392472,-73.98,20461611,5323028,2020-09
2739,寒舍,-,3.26,241124,-25.41,333869,249002,-42.13,2897958,1676790,2020-09
2748,雲品,-,5.83,150560,-4.54,166927,159344,-31.75,1541430,1051933,2020-09
5706,鳳凰,因新型冠狀病毒肺炎疫情影響國外團體旅遊,131.74,10690,-91.83,303335,24774,-78.47,2057664,442885,2020-09
8462,柏文,-,1.83,325564,7.63,308022,331534,1.85,2320928,2363957,2020-09
8940,新天地,-,20.5,57306,20.39,57359,69056,-46.2,1019330,548376,2020-09
9943,好樂迪,-,1.16,238631,-11.24,271997,241420,-10.55,2050069,1833617,2020-09
2801,彰銀,-,-16.63,2450596,-34.12,3101363,2043053,-13.38,21915865,18981524,2020-09
2809,京城銀,-,-36.44,1095140,-1.58,707201,695964,-10.69,5853306,5227356,2020-09
2812,台中銀,-,-8.71,1111747,-6.03,1080071,1014851,-7.2,8105219,7521417,2020-09
2816,旺旺保,-,-24.04,846365,-1.56,653072,642881,-0.44,5395058,5371310,2020-09
2820,華票,-,-13.4,255993,30.44,169946,221685,20.65,1369458,1652311,2020-09
2823,中壽,-,-19.66,36243213,15.45,25218871,29116876,-9.66,237423686,214465044,2020-09
2832,台產,-,-12.46,536566,-1.74,478025,469705,2.25,3542097,3621997,2020-09
2834,臺企銀,-,-9.61,2053551,-3.17,1916999,1856107,-9.42,16068011,14554376,2020-09
2836,高雄銀,-,3.76,304937,12.85,280363,316417,0.21,2513281,2518740,2020-09
2838,聯邦銀,-,-21.65,1512757,-5.9,1259492,1185119,2.23,9231797,9437837,2020-09
2845,遠東銀,-,-1.66,1066604,6.37,985947,1048794,-3.72,8056150,7756031,2020-09
2849,安泰銀,-,-4.43,451966,-11.84,489963,431915,-8.89,4309969,3926678,2020-09
2850,新產,-,-8.81,1569832,6.72,1341289,1431427,3.51,10361798,10726387,2020-09
2851,中再保,-,-8.31,1638838,12.39,1336869,1502553,8.94,10942224,11921530,2020-09
2852,第一保,-,-5.93,543310,-2.94,526574,511041,-4.89,4009316,3812997,2020-09
2855,統一證,本月營收減少主係交易部位操作獲利減少所致,-65.82,2151710,-6.17,783808,735432,27.74,4784755,6112159,2020-09
2867,三商壽,-,-15.39,15218302,-9.57,14239304,12875273,-13.8,120351171,103731042,2020-09
2880,華南金,-,3.39,4016265,-3.8,4316903,4152754,-22.9,32570350,25111662,2020-09
2881,富邦金,-,-23.17,58897045,-8.94,49689070,45244993,14.32,305112439,348814822,2020-09
2882,國泰金,-,-6.24,60755428,13.74,50076418,56960814,24.39,352647242,438673557,2020-09
2883,開發金,-,-12.95,27131383,26.01,18739443,23615307,-10.37,173854694,155810470,2020-09
2884,玉山金,-,-11.64,5076137,-7.3,4838474,4484920,5.59,36461472,38502166,2020-09
2885,元大金,-,-13.89,12130778,11.57,9361347,10445001,7.16,69111459,74060784,2020-09
2886,兆豐金,-,-15.12,6143597,0.83,5170982,5214167,-6.24,44373895,41604886,2020-09
2887,台新金,-,-6.23,4135030,5.71,3667468,3877158,0.28,29620230,29704949,2020-09
2888,新光金,-,-51.6,37328245,-4.0,18818982,18065384,10.33,186541079,205814571,2020-09
2889,國票金,"本月主要係透過其他綜合損益按公允價值衡量之金融資產及負債已實現損益較去年同期增加311,948仟元。",-11.72,1012528,59.28,561162,893841,20.01,4707443,5649791,2020-09
2890,永豐金,-,-16.05,4153212,7.24,3250645,3486240,2.37,25601035,26209911,2020-09
2891,中信金,-,-30.36,21587335,-35.76,23403601,15033395,-16.82,176977248,147195945,2020-09
2892,第一金,-,-4.07,5404883,-8.55,5669632,5184453,-9.2,42550172,38632951,2020-09
2897,王道銀行,-,-4.28,782295,10.03,680535,748804,-7.29,5832391,5407157,2020-09
5876,上海商銀,-,-18.38,3951240,-16.11,3844332,3224642,-7.24,28096787,26062340,2020-09
5880,合庫金,-,-22.47,5582275,14.78,3770066,4327507,5.23,32395333,34090910,2020-09
6005,群益證,-,-17.72,1269198,42.98,730321,1044257,17.32,4919198,5771567,2020-09
6024,群益期,-,-20.86,244162,-0.92,195036,193223,26.55,1292450,1635617,2020-09
1432,大魯閣,-,2.09,107979,-2.56,113142,110241,-2.98,818101,793666,2020-09
2601,益航,-,-18.05,641312,-13.87,610152,525515,-27.02,5186766,3784795,2020-09
2614,東森,本期營收超過50%，係因東森寵物雲及其子公司增加營收所致。,9.84,387948,99.14,213981,426125,61.4,1818503,2935090,2020-09
2901,欣欣,-,9.48,8642,-11.9,10741,9462,-18.15,86759,71007,2020-09
2903,遠百,-,14.23,2671929,3.1,2960286,3052194,-4.84,23444033,22307288,2020-09
2905,三商,-,-12.35,17791414,-22.56,20138821,15593535,-11.48,149819666,132616647,2020-09
2906,高林,-,5.63,563008,-9.26,655477,594724,-10.45,4834890,4329365,2020-09
2908,特力,-,2.5,3419616,7.78,3252068,3505342,4.05,25844696,26892332,2020-09
2910,統領,-,-15.5,46769,-44.74,71518,39518,-18.26,383823,313722,2020-09
2911,麗嬰房,無,5.35,291456,-11.43,346690,307052,-23.89,3171537,2413834,2020-09
2912,統一超,-,-1.83,23060586,2.14,22162649,22637009,0.38,169581527,170239873,2020-09
2913,農林,-,14.2,27494,33.14,23583,31400,0.3,199767,200384,2020-09
2915,潤泰全,-,9.18,201260,-23.94,288912,219743,-22.73,2547142,1967993,2020-09
8443,阿瘦,-,14.34,108790,0.14,124210,124394,-15.14,1012565,859229,2020-09
8454,富邦媒,-,6.69,5139283,28.69,4260832,5483606,30.42,31867467,41562700,2020-09
1342,八貫,-,18.49,125398,-14.41,173625,148589,2.66,970816,996660,2020-09
1416,廣豐,-,6.02,15795,-17.36,20267,16747,-21.69,184980,144849,2020-09
1435,中福,-,-0.47,1275,-27.4,1748,1269,-28.9,14222,10111,2020-09
1437,勤益控,-,3.15,40790,2.16,41186,42076,-6.12,407757,382798,2020-09
1516,川飛,本月較去年同期增加63.31%及本年累計較去年累計增加43.15%主係客戶採購量增加所致,-3.93,65520,63.3,38542,62942,43.14,397021,568318,2020-09
2062,橋椿,-,-2.87,688238,29.91,514526,668457,0.47,4199551,4219332,2020-09
2348,海悅,本月及本年度增減百分比達50％以上，係因個案銷售狀況良好,0.79,359808,217.93,114076,362683,182.56,694076,1961223,2020-09
2358,廷鑫,-,25.78,117824,-24.55,196431,148202,-4.09,1009871,968511,2020-09
2443,億麗,因大宗物資訂單變動及原列入合併營收之Chung Hong Electronics Poland Sp. z o. o 喪失控制權不列入，營業收入因而產生差異。,-77.39,94623,-53.77,46278,21393,-43.03,618413,352277,2020-09
2496,卓越,-,-2.96,65879,-15.13,75328,63927,-8.15,588635,540610,2020-09
2514,龍邦,-,0.96,882264,13.83,782552,890802,45.66,4264939,6212391,2020-09
2904,匯僑,-,-8.89,48345,-1.94,44920,44047,2.8,345659,355371,2020-09
3040,遠見,-,8.08,12905,-8.03,15168,13949,-24.73,127236,95764,2020-09
3557,嘉威,本月接單優於去年同期，致出貨營收增加，另因併購致累計合併營收較去年增加。,13.23,295613,134.06,143008,334737,1546.37,179382,2953296,2020-09
4536,拓凱,-,-10.34,703486,-0.33,632819,630723,-9.43,4988854,4517940,2020-09
6184,大豐電,-,0.08,163982,-2.01,167507,164126,-1.57,1342232,1321150,2020-09
6464,台數科,本年累計營業收入較去年累計增加，係因完成得濬(股)公司股權交割案。該公司及其子公司收入已併入申報。,0.93,353508,47.2,242382,356805,51.38,1922688,2910728,2020-09
6504,南六,新產線加入,-2.5,900437,90.87,459895,877839,38.73,4261070,5911558,2020-09
6581,鋼聯,今年8月出貨數量較去年8月增加。,-30.15,153032,122.03,48139,106885,-23.51,1192121,911836,2020-09
6592,和潤企業,-,0.77,1256282,8.11,1170930,1266003,5.29,8993531,9469997,2020-09
6625,必應,-,-6.55,92385,-19.88,107753,86326,-41.08,591582,348542,2020-09
6655,科定,-,-0.14,196881,-22.62,254060,196586,-23.56,1598693,1221919,2020-09
6670,復盛應用,-,22.37,862931,-33.27,1582664,1056044,-24.41,10700165,8088048,2020-09
6754,匯僑設計,-,-3.22,290393,-26.56,382696,281040,-22.12,2710078,2110434,2020-09
8033,雷虎,-,-23.42,69749,20.62,44277,53409,1.07,547643,553523,2020-09
8341,日友,-,-13.5,278591,-5.62,255308,240958,9.56,1707363,1870684,2020-09
8422,可寧衛,-,-4.75,250677,9.79,217459,238758,2.03,1752880,1788612,2020-09
8463,潤泰材,-,8.02,272811,12.68,261532,294706,-1.76,2008071,1972728,2020-09
8464,億豐,-,4.44,2307272,10.69,2176888,2409785,-2.81,15822548,15376630,2020-09
8473,山林水,-,16.3,324408,-14.54,441533,377297,-3.22,3059572,2960890,2020-09
8478,東哥遊艇,主係認列遊艇銷貨收入增加所致,136.72,187855,108.64,213141,444701,21.34,2211052,2683013,2020-09
8481,政伸,-,3.9,131871,24.58,109976,137015,4.42,774691,808982,2020-09
9902,台火,本月累計營收較去年同期增加主要係因投標車輛及進口汽車銷售營收較去年同期增加所致,847.84,2347,-39.67,36874,22246,121.6,96916,214770,2020-09
9904,寶成,-,-4.13,19413708,-28.83,26154678,18611764,-22.96,208837854,160884147,2020-09
9905,大華,-,-11.9,820067,7.64,671161,722463,-10.62,5667070,5064664,2020-09
9907,統一實,-,10.06,2900309,7.97,2956284,3192152,-9.34,22126164,20058636,2020-09
9910,豐泰,合併營收為本公司自結數,12.21,5178650,-15.56,6882070,5811162,-6.44,48117299,45015770,2020-09
9911,櫻花,-,15.43,472526,14.98,474365,545443,6.87,3749502,4007133,2020-09
9914,美利達,-,-6.65,2534580,-10.08,2631384,2366003,-4.2,18543770,17763637,2020-09
9917,中保科,-,2.33,1114062,-2.33,1167383,1140071,0.73,8919182,8984898,2020-09
9919,康那香,-,-4.4,472512,26.69,356521,451689,30.65,2610910,3411170,2020-09
9921,巨大,-,-5.76,6733336,11.36,5698023,6345452,10.66,41645697,46088398,2020-09
9924,福興,-,9.32,828798,10.48,820109,906113,-2.8,5903970,5738131,2020-09
9925,新保,-,0.08,615894,5.81,582596,616447,1.91,4695925,4785888,2020-09
9927,泰銘,-,-8.08,747743,-18.45,842828,687266,-12.89,6325670,5510286,2020-09
9928,中視,-,-10.01,70128,-13.04,72570,63102,5.59,467877,494077,2020-09
9929,秋雨,因新型冠狀病毒肺炎疫情影響子公司媒體收入,10.14,50099,-39.23,90815,55180,-33.96,764648,504900,2020-09
9930,中聯資源,-,-8.53,834788,-4.35,798315,763522,4.86,6230524,6533590,2020-09
9933,中鼎,-,-15.92,4898128,-23.97,5416898,4117998,-10.46,37665246,33721986,2020-09
9934,成霖,-,-5.55,1597663,4.39,1445487,1508969,-10.56,11505887,10290060,2020-09
9935,慶豐富,-,-8.9,710778,37.36,471339,647454,0.88,3644526,3676940,2020-09
9938,百和,-,2.21,1039446,-16.55,1273326,1062495,-5.41,10250622,9695273,2020-09
9939,宏全,-,-7.53,1996576,-9.56,2041330,1846167,-11.39,15320597,13575247,2020-09
9940,信義,-,6.65,1195216,44.55,881846,1274722,-7.4,8395638,7773796,2020-09
9941,裕融,-,-1.33,2532100,4.1,2399681,2498179,7.25,18464217,19804183,2020-09
9942,茂順,-,-9.19,253754,-4.69,241790,230426,-9.95,2004342,1804751,2020-09
9944,新麗,-,-15.06,220327,-10.72,209630,187141,-22.44,2071912,1606851,2020-09
9945,潤泰新,-,27.13,1452792,33.55,1383013,1847071,0.88,10911880,11008125,2020-09
9955,佳龍,受國際金價爆漲及香港金融環境變化導致營收增加。,392.06,163326,346.49,179993,803662,36.4,1244298,1697290,2020-09
全部國內上市公司合計,全部國內上市公司合計,,-1.17,2771456952,2.09,2682805064,2738899849,-1.84,20199478740,19827354121,2020-09
