證券代號,證券名稱,殖利率(%),股利年度,本益比,股價淨值比,財報年/季,date
1101,台泥,7.4,108.0,9.56,1.25,109/2,2020-09-25
1102,亞泥,7.35,108.0,9.98,1.0,109/2,2020-09-25
1103,嘉泥,6.39,108.0,20.06,0.47,109/2,2020-09-25
1104,環泥,5.35,108.0,10.56,0.7,109/2,2020-09-25
1108,幸福,1.4,108.0,14.86,0.97,109/2,2020-09-25
1109,信大,5.87,108.0,6.94,0.96,109/2,2020-09-25
1110,東泥,0.6,108.0,,1.13,109/2,2020-09-25
1201,味全,6.79,108.0,33.79,1.58,109/2,2020-09-25
1203,味王,3.18,108.0,17.16,1.5,109/2,2020-09-25
1210,大成,5.23,108.0,12.99,1.87,109/2,2020-09-25
1213,大飲,0.0,108.0,,0.96,109/2,2020-09-25
1215,卜蜂,6.11,108.0,11.45,2.26,109/2,2020-09-25
1216,統一,4.05,108.0,18.67,3.41,109/2,2020-09-25
1217,愛之味,0.0,108.0,34.76,0.63,109/2,2020-09-25
1218,泰山,4.24,108.0,14.86,1.58,109/2,2020-09-25
1219,福壽,2.11,108.0,12.15,1.47,109/2,2020-09-25
1220,台榮,5.26,108.0,12.53,0.89,109/2,2020-09-25
1225,福懋油,4.11,108.0,20.93,2.27,109/2,2020-09-25
1227,佳格,4.34,108.0,15.37,3.54,109/2,2020-09-25
1229,聯華,8.12,108.0,15.95,1.58,109/2,2020-09-25
1231,聯華食,5.15,108.0,12.73,1.98,109/2,2020-09-25
1232,大統益,4.26,108.0,19.11,4.97,109/2,2020-09-25
1233,天仁,4.54,108.0,38.32,2.23,109/2,2020-09-25
1234,黑松,5.27,108.0,16.13,0.74,109/2,2020-09-25
1235,興泰,4.53,108.0,26.13,0.76,109/2,2020-09-25
1236,宏亞,2.27,108.0,69.47,0.88,109/2,2020-09-25
1256,鮮活果汁-KY,2.38,108.0,17.75,4.43,109/2,2020-09-25
1301,台塑,5.57,108.0,28.21,1.73,109/2,2020-09-25
1303,南亞,3.78,108.0,30.16,1.49,109/2,2020-09-25
1304,台聚,3.21,108.0,15.29,0.91,109/2,2020-09-25
1305,華夏,5.29,108.0,15.0,1.21,109/2,2020-09-25
1307,三芳,3.99,108.0,31.33,1.01,109/2,2020-09-25
1308,亞聚,6.34,108.0,11.34,0.96,109/2,2020-09-25
1309,台達化,2.27,108.0,15.62,1.92,109/2,2020-09-25
1310,台苯,6.33,108.0,112.86,1.33,109/2,2020-09-25
1312,國喬,0.0,108.0,11.37,0.69,109/2,2020-09-25
1313,聯成,1.62,108.0,88.21,0.79,109/2,2020-09-25
1314,中石化,3.61,108.0,21.84,0.39,109/2,2020-09-25
1315,達新,7.21,108.0,1.77,0.76,109/2,2020-09-25
1316,上曜,0.0,108.0,,1.12,109/2,2020-09-25
1319,東陽,5.06,108.0,15.94,1.01,109/2,2020-09-25
1321,大洋,0.0,108.0,13.95,1.26,109/2,2020-09-25
1323,永裕,4.86,108.0,9.55,1.49,109/2,2020-09-25
1324,地球,3.09,108.0,69.29,0.77,109/2,2020-09-25
1325,恆大,0.24,108.0,14.29,4.18,109/2,2020-09-25
1326,台化,5.63,108.0,33.09,1.33,109/2,2020-09-25
1337,再生-KY,0.0,108.0,,0.33,109/2,2020-09-25
1338,廣華-KY,6.6,108.0,19.7,0.77,109/2,2020-09-25
1339,昭輝,4.9,108.0,19.81,0.9,109/2,2020-09-25
1340,勝悅-KY,0.0,108.0,,0.33,109/2,2020-09-25
1341,富林-KY,8.67,108.0,10.67,2.71,109/2,2020-09-25
1402,遠東新,5.98,108.0,15.12,0.68,109/2,2020-09-25
1409,新纖,5.09,108.0,7.15,0.58,109/2,2020-09-25
1410,南染,3.05,108.0,34.89,1.96,109/2,2020-09-25
1413,宏洲,0.0,108.0,,1.08,109/2,2020-09-25
1414,東和,2.48,108.0,33.67,0.58,109/2,2020-09-25
1416,廣豐,0.0,108.0,,0.68,109/2,2020-09-25
1417,嘉裕,4.65,108.0,7.52,0.72,109/2,2020-09-25
1418,東華,0.0,108.0,,0.85,109/2,2020-09-25
1419,新紡,2.35,108.0,35.12,1.55,109/2,2020-09-25
1423,利華,0.84,108.0,,0.86,109/2,2020-09-25
1432,大魯閣,0.0,108.0,,2.74,109/2,2020-09-25
1434,福懋,8.09,108.0,12.46,0.92,109/2,2020-09-25
1435,中福,0.0,108.0,,1.93,109/2,2020-09-25
1436,華友聯,6.63,108.0,14.67,1.41,109/2,2020-09-25
1437,勤益控,4.85,108.0,17.2,0.74,109/2,2020-09-25
1438,三地開發,0.0,108.0,33.66,2.5,109/2,2020-09-25
1439,中和,18.08,108.0,162.65,1.1,109/2,2020-09-25
1440,南紡,1.79,108.0,,0.76,109/2,2020-09-25
1441,大東,0.0,108.0,,0.93,109/2,2020-09-25
1442,名軒,5.08,108.0,42.39,1.25,109/2,2020-09-25
1443,立益,0.0,108.0,,1.05,109/2,2020-09-25
1444,力麗,0.0,108.0,,1.19,109/2,2020-09-25
1445,大宇,2.13,108.0,,0.76,109/2,2020-09-25
1446,宏和,1.01,108.0,,2.74,109/2,2020-09-25
1447,力鵬,0.0,108.0,,0.64,109/2,2020-09-25
1449,佳和,0.0,108.0,,2.8,109/2,2020-09-25
1451,年興,0.0,108.0,,0.44,109/2,2020-09-25
1452,宏益,7.84,108.0,27.82,0.87,109/2,2020-09-25
1453,大將,2.31,108.0,,0.68,109/2,2020-09-25
1454,台富,3.2,108.0,,0.67,109/2,2020-09-25
1455,集盛,0.0,108.0,,0.76,109/2,2020-09-25
1456,怡華,0.0,108.0,333.33,0.78,109/2,2020-09-25
1457,宜進,7.43,108.0,6.0,0.67,109/2,2020-09-25
1459,聯發,0.0,108.0,,0.96,109/2,2020-09-25
1460,宏遠,0.0,108.0,,1.03,109/2,2020-09-25
1463,強盛,4.71,108.0,26.56,0.98,109/2,2020-09-25
1464,得力,8.5,108.0,63.04,1.43,109/2,2020-09-25
1465,偉全,11.49,108.0,,0.78,109/2,2020-09-25
1466,聚隆,0.0,108.0,,1.68,109/2,2020-09-25
1467,南緯,0.0,108.0,,1.62,109/2,2020-09-25
1468,昶和,0.0,108.0,54.76,1.54,109/2,2020-09-25
1470,大統新創,4.55,108.0,37.45,1.63,109/2,2020-09-25
1471,首利,0.0,108.0,,2.16,109/2,2020-09-25
1472,三洋紡,0.0,108.0,,2.21,109/2,2020-09-25
1473,台南,2.8,108.0,,0.73,109/2,2020-09-25
1474,弘裕,0.0,108.0,18.05,0.79,109/2,2020-09-25
1475,業旺,0.0,108.0,,7.35,109/2,2020-09-25
1476,儒鴻,3.13,108.0,25.86,5.87,109/2,2020-09-25
1477,聚陽,2.99,108.0,19.99,4.22,109/2,2020-09-25
1503,士電,3.42,108.0,14.55,1.01,109/2,2020-09-25
1504,東元,3.3,108.0,17.34,0.94,109/2,2020-09-25
1506,正道,0.0,108.0,,2.0,109/2,2020-09-25
1507,永大,4.11,108.0,17.6,2.04,109/2,2020-09-25
1512,瑞利,0.0,108.0,,5.27,109/2,2020-09-25
1513,中興電,2.81,108.0,23.69,2.34,109/2,2020-09-25
1514,亞力,4.82,108.0,15.47,1.66,109/2,2020-09-25
1515,力山,3.8,108.0,25.0,4.65,109/2,2020-09-25
1516,川飛,2.2,108.0,23.99,1.5,109/2,2020-09-25
1517,利奇,1.8,108.0,,0.82,109/2,2020-09-25
1519,華城,2.39,108.0,23.81,3.42,109/2,2020-09-25
1521,大億,7.69,108.0,18.77,2.37,109/2,2020-09-25
1522,堤維西,6.83,108.0,21.81,1.04,109/2,2020-09-25
1524,耿鼎,4.28,108.0,18.7,0.73,109/2,2020-09-25
1525,江申,3.19,108.0,16.6,1.16,109/2,2020-09-25
1526,日馳,1.62,108.0,21.52,2.83,109/2,2020-09-25
1527,鑽全,3.19,108.0,19.09,1.34,109/2,2020-09-25
1528,恩德,1.28,108.0,,0.72,109/2,2020-09-25
1529,樂士,3.28,108.0,27.73,1.43,109/2,2020-09-25
1530,亞崴,5.06,108.0,8.28,0.94,109/2,2020-09-25
1531,高林股,1.81,108.0,,0.58,109/2,2020-09-25
1532,勤美,3.05,108.0,71.9,1.03,109/2,2020-09-25
1533,車王電,1.75,108.0,40.21,1.17,109/2,2020-09-25
1535,中宇,3.79,108.0,26.42,1.37,109/2,2020-09-25
1536,和大,2.23,108.0,59.01,3.69,109/2,2020-09-25
1537,廣隆,7.33,108.0,12.42,3.09,109/2,2020-09-25
1538,正峰,0.0,108.0,,1.24,109/2,2020-09-25
1539,巨庭,3.76,108.0,62.5,1.08,109/2,2020-09-25
1540,喬福,6.97,108.0,,0.92,109/2,2020-09-25
1541,錩泰,0.0,108.0,10.81,2.69,109/2,2020-09-25
1558,伸興,6.54,108.0,11.8,1.81,109/2,2020-09-25
1560,中砂,4.71,108.0,14.89,2.02,109/2,2020-09-25
1568,倉佑,3.27,108.0,,1.08,109/2,2020-09-25
1582,信錦,5.49,108.0,9.84,1.93,109/2,2020-09-25
1583,程泰,5.09,108.0,13.06,1.37,109/2,2020-09-25
1587,吉茂,2.02,108.0,16.58,1.34,109/2,2020-09-25
1589,永冠-KY,0.56,108.0,28.43,1.28,109/2,2020-09-25
1590,亞德客-KY,0.77,108.0,39.09,6.31,109/2,2020-09-25
1592,英瑞-KY,0.0,108.0,,0.57,109/2,2020-09-25
1598,岱宇,0.99,108.0,37.71,4.63,109/2,2020-09-25
1603,華電,1.84,108.0,18.38,0.84,109/2,2020-09-25
1604,聲寶,6.91,108.0,18.55,1.33,109/2,2020-09-25
1605,華新,3.26,108.0,12.83,0.69,109/2,2020-09-25
1608,華榮,6.8,108.0,18.65,0.68,109/2,2020-09-25
1609,大亞,1.86,108.0,12.38,1.28,109/2,2020-09-25
1611,中電,11.01,108.0,5.17,0.87,109/2,2020-09-25
1612,宏泰,3.7,108.0,27.0,0.92,109/2,2020-09-25
1614,三洋電,2.31,108.0,30.51,1.83,109/2,2020-09-25
1615,大山,9.41,108.0,9.24,1.32,109/2,2020-09-25
1616,億泰,0.0,108.0,,0.65,109/2,2020-09-25
1617,榮星,2.36,108.0,15.68,1.1,109/2,2020-09-25
1618,合機,3.31,108.0,13.74,0.54,109/2,2020-09-25
1626,艾美特-KY,4.07,108.0,19.52,1.12,109/2,2020-09-25
1701,中化,3.48,108.0,13.37,1.06,109/2,2020-09-25
1702,南僑,4.78,108.0,11.92,1.85,109/2,2020-09-25
1707,葡萄王,3.75,108.0,18.44,4.06,109/2,2020-09-25
1708,東鹼,7.1,108.0,25.92,0.83,109/2,2020-09-25
1709,和益,3.75,108.0,20.23,0.93,109/2,2020-09-25
1710,東聯,1.89,108.0,,1.1,109/2,2020-09-25
1711,永光,1.89,108.0,36.14,1.13,109/2,2020-09-25
1712,興農,6.68,108.0,12.55,1.19,109/2,2020-09-25
1713,國化,3.25,108.0,46.97,1.19,109/2,2020-09-25
1714,和桐,0.0,108.0,5.32,0.8,109/2,2020-09-25
1717,長興,4.38,108.0,19.97,1.99,109/2,2020-09-25
1718,中纖,0.0,108.0,,0.45,109/2,2020-09-25
1720,生達,3.96,108.0,14.84,1.81,109/2,2020-09-25
1721,三晃,0.0,108.0,3.76,0.75,109/2,2020-09-25
1722,台肥,4.45,108.0,18.87,0.97,109/2,2020-09-25
1723,中碳,5.52,108.0,23.05,3.5,109/2,2020-09-25
1724,台硝,3.94,108.0,30.98,0.83,109/2,2020-09-25
1725,元禎,5.96,108.0,14.47,0.77,109/2,2020-09-25
1726,永記,4.65,108.0,14.61,1.36,109/2,2020-09-25
1727,中華化,1.8,108.0,,0.95,109/2,2020-09-25
1730,花仙子,5.43,108.0,16.59,2.85,109/2,2020-09-25
1731,美吾華,3.73,108.0,15.94,1.2,109/2,2020-09-25
1732,毛寶,0.0,108.0,20.25,1.8,109/2,2020-09-25
1733,五鼎,4.59,108.0,23.27,1.51,109/2,2020-09-25
1734,杏輝,0.53,108.0,104.03,2.35,109/2,2020-09-25
1735,日勝化,3.94,108.0,30.0,1.2,109/2,2020-09-25
1736,喬山,2.24,108.0,24.13,2.32,109/2,2020-09-25
1737,臺鹽,4.93,108.0,19.77,1.01,109/2,2020-09-25
1760,寶齡富錦,1.5,108.0,134.83,7.65,109/2,2020-09-25
1762,中化生,1.18,108.0,11.39,2.21,109/2,2020-09-25
1773,勝一,4.26,108.0,14.04,2.91,109/2,2020-09-25
1776,展宇,5.54,108.0,30.7,1.16,109/2,2020-09-25
1783,和康生,3.5,108.0,26.87,1.87,109/2,2020-09-25
1786,科妍,2.68,108.0,32.48,3.01,109/2,2020-09-25
1789,神隆,0.92,108.0,84.14,2.24,109/2,2020-09-25
1795,美時,0.0,108.0,25.5,2.48,109/2,2020-09-25
1802,台玻,0.0,108.0,,0.9,109/2,2020-09-25
1805,寶徠,0.0,108.0,,1.57,109/2,2020-09-25
1806,冠軍,0.0,108.0,,0.51,109/2,2020-09-25
1808,潤隆,4.91,108.0,29.66,3.95,109/2,2020-09-25
1809,中釉,1.92,108.0,,0.6,109/2,2020-09-25
1810,和成,0.0,108.0,26.37,0.61,109/2,2020-09-25
1817,凱撒衛,5.68,108.0,11.53,1.35,109/2,2020-09-25
1903,士紙,0.0,108.0,,5.98,109/2,2020-09-25
1904,正隆,3.8,108.0,11.05,1.49,109/2,2020-09-25
1905,華紙,0.0,108.0,,0.65,109/2,2020-09-25
1906,寶隆,3.66,108.0,25.28,0.56,109/2,2020-09-25
1907,永豐餘,4.17,108.0,7.92,0.73,109/2,2020-09-25
1909,榮成,1.82,108.0,36.67,0.96,109/2,2020-09-25
2002,中鋼,2.48,108.0,,1.08,109/2,2020-09-25
2006,東和鋼鐵,4.81,108.0,13.82,1.18,109/2,2020-09-25
2007,燁興,0.0,108.0,,0.69,109/2,2020-09-25
2008,高興昌,0.0,108.0,,1.09,109/2,2020-09-25
2009,第一銅,0.0,108.0,,0.88,109/2,2020-09-25
2010,春源,2.88,108.0,23.11,0.67,109/2,2020-09-25
2012,春雨,7.36,108.0,14.3,1.32,109/2,2020-09-25
2013,中鋼構,2.84,108.0,12.98,1.25,109/2,2020-09-25
2014,中鴻,0.0,108.0,,0.97,109/2,2020-09-25
2015,豐興,5.4,108.0,16.26,1.82,109/2,2020-09-25
2017,官田鋼,0.0,108.0,,0.75,109/2,2020-09-25
2020,美亞,11.75,108.0,12.3,1.24,109/2,2020-09-25
2022,聚亨,0.0,108.0,,0.64,109/2,2020-09-25
2023,燁輝,0.0,108.0,,0.72,109/2,2020-09-25
2024,志聯,2.48,108.0,,1.24,109/2,2020-09-25
2025,千興,0.0,108.0,,2.1,109/2,2020-09-25
2027,大成鋼,6.33,108.0,,1.01,109/2,2020-09-25
2028,威致,0.0,108.0,18.98,1.29,109/2,2020-09-25
2029,盛餘,0.82,108.0,,0.68,109/2,2020-09-25
2030,彰源,5.12,108.0,26.24,0.76,109/2,2020-09-25
2031,新光鋼,2.66,108.0,46.85,1.59,109/2,2020-09-25
2032,新鋼,3.75,108.0,21.72,0.74,109/2,2020-09-25
2033,佳大,2.02,108.0,19.8,0.8,109/2,2020-09-25
2034,允強,6.58,108.0,20.54,1.32,109/2,2020-09-25
2038,海光,0.0,108.0,,0.63,109/2,2020-09-25
2049,上銀,0.74,108.0,101.08,3.7,109/2,2020-09-25
2059,川湖,2.89,108.0,19.02,2.49,109/2,2020-09-25
2062,橋椿,0.42,108.0,,0.78,109/2,2020-09-25
2069,運錩,3.4,108.0,,0.75,109/2,2020-09-25
2101,南港,2.94,108.0,34.51,3.27,109/2,2020-09-25
2102,泰豐,0.0,108.0,,1.19,109/2,2020-09-25
2103,台橡,2.95,108.0,211.88,0.98,109/2,2020-09-25
2104,國際中橡,1.04,108.0,,0.64,109/2,2020-09-25
2105,正新,2.78,108.0,116.13,1.61,109/2,2020-09-25
2106,建大,2.77,108.0,49.74,1.41,109/2,2020-09-25
2107,厚生,4.26,108.0,8.63,0.63,109/2,2020-09-25
2108,南帝,4.46,108.0,17.07,2.9,109/2,2020-09-25
2109,華豐,0.0,108.0,48.0,1.45,109/2,2020-09-25
2114,鑫永銓,6.26,108.0,14.69,2.59,109/2,2020-09-25
2115,六暉-KY,6.72,108.0,6.38,1.42,109/2,2020-09-25
2201,裕隆,0.0,108.0,,0.76,109/2,2020-09-25
2204,中華,0.0,108.0,,0.57,109/2,2020-09-25
2206,三陽工業,4.52,108.0,17.33,1.32,109/2,2020-09-25
2207,和泰車,2.32,108.0,25.46,5.82,109/2,2020-09-25
2208,台船,0.0,108.0,,1.9,109/2,2020-09-25
2227,裕日車,8.75,108.0,12.45,4.43,109/2,2020-09-25
2228,劍麟,6.59,108.0,16.15,1.65,109/2,2020-09-25
2231,為升,4.68,108.0,41.51,6.31,109/2,2020-09-25
2233,宇隆,4.78,108.0,14.97,1.66,109/2,2020-09-25
2236,百達-KY,2.38,108.0,23.63,0.7,109/2,2020-09-25
2239,英利-KY,3.33,108.0,25.81,0.88,109/2,2020-09-25
2241,艾姆勒,1.74,108.0,80.48,3.61,109/2,2020-09-25
2243,宏旭-KY,0.0,108.0,,0.7,109/2,2020-09-25
2301,光寶科,7.11,108.0,9.93,1.53,109/2,2020-09-25
2302,麗正,0.0,108.0,,1.53,109/2,2020-09-25
2303,聯電,3.2,108.0,19.38,1.45,109/2,2020-09-25
2305,全友,0.0,108.0,189.75,0.73,109/2,2020-09-25
2308,台達電,2.83,108.0,23.07,3.45,109/2,2020-09-25
2312,金寶,2.92,108.0,48.18,0.99,109/2,2020-09-25
2313,華通,2.92,108.0,10.14,1.9,109/2,2020-09-25
2314,台揚,0.0,108.0,,1.95,109/2,2020-09-25
2317,鴻海,5.65,108.0,9.96,0.88,109/2,2020-09-25
2321,東訊,0.0,108.0,,5.12,109/2,2020-09-25
2323,中環,2.61,108.0,,0.47,109/2,2020-09-25
2324,仁寶,6.35,108.0,12.86,0.81,109/2,2020-09-25
2327,國巨,4.03,108.0,18.61,2.52,109/2,2020-09-25
2328,廣宇,5.99,108.0,11.36,0.84,109/2,2020-09-25
2329,華泰,1.48,108.0,203.0,0.99,109/2,2020-09-25
2330,台積電,2.24,108.0,24.17,6.39,109/2,2020-09-25
2331,精英,0.0,108.0,25.94,0.64,109/2,2020-09-25
2332,友訊,0.0,108.0,,1.37,109/2,2020-09-25
2337,旺宏,4.1,108.0,10.45,1.63,109/2,2020-09-25
2338,光罩,3.77,108.0,33.19,1.93,109/2,2020-09-25
2340,光磊,4.52,108.0,16.37,1.19,109/2,2020-09-25
2342,茂矽,0.0,108.0,,2.56,109/2,2020-09-25
2344,華邦電,0.82,108.0,49.0,0.82,109/2,2020-09-25
2345,智邦,2.93,108.0,23.58,10.31,109/2,2020-09-25
2347,聯強,6.38,108.0,9.52,1.44,109/2,2020-09-25
2348,海悅,4.88,108.0,9.34,3.86,109/2,2020-09-25
2349,錸德,0.0,108.0,,1.11,109/2,2020-09-25
2351,順德,3.27,108.0,33.6,1.86,109/2,2020-09-25
2352,佳世達,4.14,108.0,12.57,1.08,109/2,2020-09-25
2353,宏碁,3.25,108.0,22.02,1.29,109/2,2020-09-25
2354,鴻準,4.96,108.0,11.1,0.75,109/2,2020-09-25
2355,敬鵬,3.79,108.0,25.14,0.7,109/2,2020-09-25
2356,英業達,5.91,108.0,11.06,1.43,109/2,2020-09-25
2357,華碩,5.68,108.0,12.65,1.07,109/2,2020-09-25
2358,廷鑫,1.31,108.0,63.54,1.15,109/2,2020-09-25
2359,所羅門,4.44,108.0,17.14,0.69,109/2,2020-09-25
2360,致茂,1.99,108.0,29.61,4.42,109/2,2020-09-25
2362,藍天,1.38,108.0,42.72,0.46,109/2,2020-09-25
2363,矽統,16.89,108.0,,0.77,109/2,2020-09-25
2364,倫飛,0.0,108.0,,4.6,109/2,2020-09-25
2365,昆盈,4.41,108.0,12.71,0.73,109/2,2020-09-25
2367,燿華,3.93,108.0,35.7,1.22,109/2,2020-09-25
2368,金像電,0.0,108.0,15.21,2.88,109/2,2020-09-25
2369,菱生,0.0,108.0,,0.77,109/2,2020-09-25
2371,大同,0.0,108.0,8.04,1.0,109/2,2020-09-25
2373,震旦行,7.11,108.0,15.13,3.09,109/2,2020-09-25
2374,佳能,2.37,108.0,,0.61,109/2,2020-09-25
2375,凱美,1.34,108.0,11.76,0.93,109/2,2020-09-25
2376,技嘉,2.92,108.0,15.68,1.99,109/2,2020-09-25
2377,微星,3.28,108.0,16.95,3.53,109/2,2020-09-25
2379,瑞昱,3.13,108.0,24.84,7.14,109/2,2020-09-25
2380,虹光,0.0,108.0,,1.07,109/2,2020-09-25
2382,廣達,5.04,108.0,15.99,2.19,109/2,2020-09-25
2383,台光電,3.99,108.0,12.73,3.5,109/2,2020-09-25
2385,群光,7.02,108.0,11.05,2.42,109/2,2020-09-25
2387,精元,1.54,108.0,40.37,2.01,109/2,2020-09-25
2388,威盛,0.0,108.0,,5.18,109/2,2020-09-25
2390,云辰,0.0,108.0,19.94,1.43,109/2,2020-09-25
2392,正崴,6.07,108.0,9.36,0.95,109/2,2020-09-25
2393,億光,3.97,108.0,16.19,0.95,109/2,2020-09-25
2395,研華,3.15,108.0,26.3,6.44,109/2,2020-09-25
2397,友通,7.59,108.0,15.22,2.67,109/2,2020-09-25
2399,映泰,0.0,108.0,26.75,0.94,109/2,2020-09-25
2401,凌陽,2.23,108.0,,1.01,109/2,2020-09-25
2402,毅嘉,3.14,108.0,35.33,0.88,109/2,2020-09-25
2404,漢唐,6.79,108.0,11.37,4.7,109/2,2020-09-25
2405,浩鑫,0.0,108.0,127.86,0.92,109/2,2020-09-25
2406,國碩,0.0,108.0,,2.3,109/2,2020-09-25
2408,南亞科,2.86,108.0,18.68,1.06,109/2,2020-09-25
2409,友達,0.0,108.0,,0.61,109/2,2020-09-25
2412,中華電,3.93,108.0,25.47,2.32,109/2,2020-09-25
2413,環科,0.0,108.0,,1.27,109/2,2020-09-25
2414,精技,6.21,108.0,12.01,1.5,109/2,2020-09-25
2415,錩新,3.38,108.0,,0.86,109/2,2020-09-25
2417,圓剛,0.17,108.0,56.29,3.83,109/2,2020-09-25
2419,仲琦,4.04,108.0,29.12,1.34,109/2,2020-09-25
2420,新巨,6.46,108.0,10.64,1.59,109/2,2020-09-25
2421,建準,3.35,108.0,15.92,3.63,109/2,2020-09-25
2423,固緯,6.85,108.0,12.96,1.46,109/2,2020-09-25
2424,隴華,0.0,108.0,,2.69,109/2,2020-09-25
2425,承啟,1.22,108.0,24.31,1.55,109/2,2020-09-25
2426,鼎元,2.05,108.0,10.54,1.13,109/2,2020-09-25
2427,三商電,3.38,108.0,13.62,0.88,109/2,2020-09-25
2428,興勤,4.29,108.0,10.88,2.01,109/2,2020-09-25
2429,銘旺科,0.0,108.0,,2.74,109/2,2020-09-25
2430,燦坤,5.49,108.0,12.47,0.66,109/2,2020-09-25
2431,聯昌,0.0,108.0,17.88,0.79,109/2,2020-09-25
2433,互盛電,7.98,108.0,11.99,1.81,109/2,2020-09-25
2434,統懋,0.0,108.0,,18.14,109/2,2020-09-25
2436,偉詮電,5.15,108.0,26.26,1.87,109/2,2020-09-25
2438,翔耀,0.0,108.0,133.8,1.1,109/2,2020-09-25
2439,美律,5.35,108.0,17.6,2.82,109/2,2020-09-25
2440,太空梭,0.0,108.0,17.92,1.47,109/2,2020-09-25
2441,超豐,4.73,108.0,12.16,1.67,109/2,2020-09-25
2442,新美齊,0.0,108.0,,0.81,109/2,2020-09-25
2443,億麗,0.0,108.0,,1.1,109/2,2020-09-25
2444,兆勁,0.0,108.0,,1.63,109/2,2020-09-25
2448,晶電,0.0,108.0,,0.87,109/2,2020-09-25
2449,京元電子,5.9,108.0,9.24,1.44,109/2,2020-09-25
2450,神腦,5.14,108.0,16.89,1.3,109/2,2020-09-25
2451,創見,7.09,108.0,16.41,1.5,109/2,2020-09-25
2453,凌群,6.21,108.0,12.11,0.9,109/2,2020-09-25
2454,聯發科,1.79,108.0,35.41,2.88,109/2,2020-09-25
2455,全新,3.3,108.0,25.35,5.3,109/2,2020-09-25
2456,奇力新,3.7,108.0,17.11,0.98,109/2,2020-09-25
2457,飛宏,0.0,108.0,,0.71,109/2,2020-09-25
2458,義隆,4.5,108.0,15.95,6.29,109/2,2020-09-25
2459,敦吉,7.38,108.0,9.44,1.05,109/2,2020-09-25
2460,建通,0.0,108.0,,1.01,109/2,2020-09-25
2461,光群雷,0.0,108.0,,1.01,109/2,2020-09-25
2462,良得電,2.85,108.0,21.58,1.4,109/2,2020-09-25
2464,盟立,6.23,108.0,15.73,2.06,109/2,2020-09-25
2465,麗臺,0.0,108.0,65.91,2.49,109/2,2020-09-25
2466,冠西電,0.0,108.0,,2.87,109/2,2020-09-25
2467,志聖,9.23,108.0,13.69,1.88,109/2,2020-09-25
2468,華經,3.85,108.0,18.84,0.81,109/2,2020-09-25
2471,資通,7.17,108.0,18.0,1.37,109/2,2020-09-25
2472,立隆電,3.01,108.0,12.12,1.89,109/2,2020-09-25
2474,可成,5.68,108.0,9.9,0.94,109/2,2020-09-25
2476,鉅祥,6.91,108.0,15.8,0.8,109/2,2020-09-25
2477,美隆電,7.41,108.0,13.09,1.45,109/2,2020-09-25
2478,大毅,2.85,108.0,13.06,1.67,109/2,2020-09-25
2480,敦陽科,7.26,108.0,14.12,2.53,109/2,2020-09-25
2481,強茂,3.0,108.0,17.48,1.85,109/2,2020-09-25
2482,連宇,0.0,108.0,31.36,0.83,109/2,2020-09-25
2483,百容,5.35,108.0,15.2,0.87,109/2,2020-09-25
2484,希華,4.69,108.0,23.82,1.14,109/2,2020-09-25
2485,兆赫,0.0,108.0,,0.85,109/2,2020-09-25
2486,一詮,0.0,108.0,,0.76,109/2,2020-09-25
2488,漢平,8.27,108.0,11.08,1.15,109/2,2020-09-25
2489,瑞軒,0.0,108.0,,0.67,109/2,2020-09-25
2491,吉祥全,0.0,108.0,1.56,0.69,109/2,2020-09-25
2492,華新科,3.77,108.0,13.0,2.18,109/2,2020-09-25
2493,揚博,7.79,108.0,12.84,1.63,109/2,2020-09-25
2495,普安,5.06,108.0,,0.83,109/2,2020-09-25
2496,卓越,2.57,108.0,15.35,1.31,109/2,2020-09-25
2497,怡利電,0.0,108.0,,1.43,109/2,2020-09-25
2498,宏達電,0.0,108.0,,0.72,109/2,2020-09-25
2501,國建,5.18,108.0,23.54,0.96,109/2,2020-09-25
2504,國產,1.3,108.0,17.56,1.53,109/2,2020-09-25
2505,國揚,0.64,108.0,3.58,1.27,109/2,2020-09-25
2506,太設,0.0,108.0,,0.5,109/2,2020-09-25
2509,全坤建,3.63,108.0,25.06,0.9,109/2,2020-09-25
2511,太子,4.83,108.0,35.69,0.72,109/2,2020-09-25
2514,龍邦,0.0,108.0,24.39,0.6,109/2,2020-09-25
2515,中工,2.68,108.0,28.69,0.58,109/2,2020-09-25
2516,新建,0.0,108.0,,0.52,109/2,2020-09-25
2520,冠德,3.94,108.0,10.2,1.48,109/2,2020-09-25
2524,京城,0.0,108.0,9.13,1.03,109/2,2020-09-25
2527,宏璟,9.97,108.0,6.86,0.67,109/2,2020-09-25
2528,皇普,0.0,108.0,,2.32,109/2,2020-09-25
2530,華建,0.66,108.0,,1.35,109/2,2020-09-25
2534,宏盛,2.84,108.0,10.86,0.75,109/2,2020-09-25
2535,達欣工,5.77,108.0,7.6,1.0,109/2,2020-09-25
2536,宏普,5.13,108.0,8.63,0.65,109/2,2020-09-25
2537,聯上發,0.0,108.0,,0.79,109/2,2020-09-25
2538,基泰,5.1,108.0,,0.67,109/2,2020-09-25
2539,櫻花建,9.46,108.0,9.95,2.0,109/2,2020-09-25
2540,愛山林,0.0,108.0,22.31,2.04,109/2,2020-09-25
2542,興富發,9.64,108.0,18.2,1.53,109/2,2020-09-25
2543,皇昌,0.0,108.0,62.73,0.83,109/2,2020-09-25
2545,皇翔,3.15,108.0,42.87,1.25,109/2,2020-09-25
2546,根基,6.24,108.0,11.37,1.87,109/2,2020-09-25
2547,日勝生,6.04,108.0,14.85,0.82,109/2,2020-09-25
2548,華固,8.74,108.0,5.43,1.45,109/2,2020-09-25
2597,潤弘,7.59,108.0,11.32,2.36,109/2,2020-09-25
2601,益航,13.63,108.0,,0.77,109/2,2020-09-25
2603,長榮,0.0,108.0,28.0,1.03,109/2,2020-09-25
2605,新興,3.53,108.0,13.22,0.54,109/2,2020-09-25
2606,裕民,6.65,108.0,19.97,1.04,109/2,2020-09-25
2607,榮運,2.24,108.0,18.87,0.64,109/2,2020-09-25
2608,嘉里大榮,3.83,108.0,12.98,1.87,109/2,2020-09-25
2609,陽明,0.0,108.0,,1.61,109/2,2020-09-25
2610,華航,0.0,108.0,,0.79,109/2,2020-09-25
2611,志信,0.0,108.0,,0.49,109/2,2020-09-25
2612,中航,3.24,108.0,18.16,0.5,109/2,2020-09-25
2613,中櫃,1.18,108.0,130.45,0.66,109/2,2020-09-25
2614,東森,6.51,108.0,16.33,1.44,109/2,2020-09-25
2615,萬海,3.91,108.0,12.62,1.27,109/2,2020-09-25
2616,山隆,6.09,108.0,12.96,0.97,109/2,2020-09-25
2617,台航,4.89,108.0,11.2,0.68,109/2,2020-09-25
2618,長榮航,2.33,108.0,268.75,0.76,109/2,2020-09-25
2630,亞航,0.5,108.0,58.7,1.19,109/2,2020-09-25
2633,台灣高鐵,3.93,108.0,32.37,2.63,109/2,2020-09-25
2634,漢翔,4.25,108.0,20.0,1.9,109/2,2020-09-25
2636,台驊投控,3.96,108.0,11.7,1.63,109/2,2020-09-25
2637,慧洋-KY,6.59,108.0,39.91,0.56,109/2,2020-09-25
2642,宅配通,3.74,108.0,16.03,1.59,109/2,2020-09-25
2701,萬企,3.45,108.0,18.41,0.7,109/2,2020-09-25
2702,華園,0.0,108.0,,1.41,109/2,2020-09-25
2704,國賓,0.0,108.0,66.28,0.99,109/2,2020-09-25
2705,六福,0.0,108.0,,2.59,109/2,2020-09-25
2706,第一店,3.5,108.0,19.18,0.72,109/2,2020-09-25
2707,晶華,7.73,108.0,19.73,5.56,109/2,2020-09-25
2712,遠雄來,0.0,108.0,335.71,4.13,109/2,2020-09-25
2722,夏都,0.74,108.0,128.81,1.79,109/2,2020-09-25
2723,美食-KY,3.0,108.0,26.74,1.84,109/2,2020-09-25
2727,王品,6.04,108.0,54.85,1.9,109/2,2020-09-25
2731,雄獅,3.05,108.0,,2.63,109/2,2020-09-25
2739,寒舍,4.44,108.0,,1.67,109/2,2020-09-25
2748,雲品,6.29,108.0,31.3,2.15,109/2,2020-09-25
2801,彰銀,4.66,108.0,17.5,1.06,109/2,2020-09-25
2809,京城銀,4.08,108.0,8.9,1.02,109/2,2020-09-25
2812,台中銀,7.58,108.0,9.68,0.75,109/2,2020-09-25
2816,旺旺保,7.5,108.0,6.69,0.71,109/2,2020-09-25
2820,華票,4.98,108.0,14.31,0.81,109/2,2020-09-25
2823,中壽,6.17,108.0,6.14,0.62,109/2,2020-09-25
2832,台產,5.12,108.0,10.45,0.78,109/2,2020-09-25
2834,臺企銀,7.5,108.0,11.96,0.69,109/2,2020-09-25
2836,高雄銀,5.17,108.0,13.34,0.67,109/2,2020-09-25
2838,聯邦銀,8.04,108.0,9.3,0.54,109/2,2020-09-25
2841,台開,0.0,108.0,,0.28,109/2,2020-09-25
2845,遠東銀,7.33,108.0,11.1,0.71,109/2,2020-09-25
2849,安泰銀,5.09,108.0,13.41,0.84,109/2,2020-09-25
2850,新產,5.19,108.0,6.69,0.93,109/2,2020-09-25
2851,中再保,4.51,108.0,8.38,0.97,109/2,2020-09-25
2852,第一保,7.56,108.0,11.98,0.59,109/2,2020-09-25
2855,統一證,7.87,108.0,11.13,0.8,109/2,2020-09-25
2867,三商壽,0.0,108.0,4.09,0.51,109/2,2020-09-25
2880,華南金,6.4,108.0,23.65,1.17,109/2,2020-09-25
2881,富邦金,4.9,108.0,6.89,0.79,109/2,2020-09-25
2882,國泰金,5.25,108.0,9.11,0.72,109/2,2020-09-25
2883,開發金,7.2,108.0,15.15,0.69,109/2,2020-09-25
2884,玉山金,6.28,108.0,15.06,1.7,109/2,2020-09-25
2885,元大金,6.07,108.0,9.83,0.85,109/2,2020-09-25
2886,兆豐金,6.19,108.0,15.0,1.19,109/2,2020-09-25
2887,台新金,6.4,108.0,10.68,0.8,109/2,2020-09-25
2888,新光金,4.94,108.0,7.51,0.44,109/2,2020-09-25
2889,國票金,7.19,108.0,11.75,0.9,109/2,2020-09-25
2890,永豐金,6.6,108.0,10.29,0.82,109/2,2020-09-25
2891,中信金,5.68,108.0,8.46,0.97,109/2,2020-09-25
2892,第一金,6.7,108.0,13.8,1.18,109/2,2020-09-25
2897,王道銀行,5.94,108.0,22.43,0.56,109/2,2020-09-25
2901,欣欣,1.7,108.0,67.14,2.02,109/2,2020-09-25
2903,遠百,3.27,108.0,23.11,1.16,109/2,2020-09-25
2904,匯僑,6.92,108.0,11.47,1.71,109/2,2020-09-25
2905,三商,9.37,108.0,5.88,0.86,109/2,2020-09-25
2906,高林,2.2,108.0,151.67,1.02,109/2,2020-09-25
2908,特力,3.05,108.0,16.85,1.85,109/2,2020-09-25
2910,統領,2.27,108.0,66.96,2.38,109/2,2020-09-25
2911,麗嬰房,0.0,108.0,,0.57,109/2,2020-09-25
2912,統一超,3.48,108.0,26.51,8.5,109/2,2020-09-25
2913,農林,0.0,108.0,,0.82,109/2,2020-09-25
2915,潤泰全,7.74,108.0,4.97,0.42,109/2,2020-09-25
2923,鼎固-KY,9.82,108.0,,0.81,109/2,2020-09-25
2929,淘帝-KY,5.12,108.0,,0.66,109/2,2020-09-25
2936,客思達-KY,0.0,108.0,164.58,0.58,109/2,2020-09-25
2939,凱羿-KY,3.98,108.0,131.4,5.26,109/2,2020-09-25
3002,歐格,4.37,108.0,20.28,0.91,109/2,2020-09-25
3003,健和興,2.59,108.0,14.3,1.29,109/2,2020-09-25
3004,豐達科,5.39,108.0,9.63,1.39,109/2,2020-09-25
3005,神基,6.22,108.0,10.74,1.84,109/2,2020-09-25
3006,晶豪科,2.8,108.0,10.95,1.25,109/2,2020-09-25
3008,大立光,2.35,108.0,15.87,3.54,109/2,2020-09-25
3010,華立,5.98,108.0,8.29,1.13,109/2,2020-09-25
3011,今皓,0.0,108.0,,0.75,109/2,2020-09-25
3013,晟銘電,2.36,108.0,12.1,0.87,109/2,2020-09-25
3014,聯陽,4.88,108.0,16.1,2.81,109/2,2020-09-25
3015,全漢,5.02,108.0,13.68,0.63,109/2,2020-09-25
3016,嘉晶,0.38,108.0,722.22,4.55,109/2,2020-09-25
3017,奇鋐,1.99,108.0,17.62,2.56,109/2,2020-09-25
3018,同開,0.0,108.0,,2.75,109/2,2020-09-25
3019,亞光,3.22,108.0,34.36,1.58,109/2,2020-09-25
3021,鴻名,2.8,108.0,11.72,1.15,109/2,2020-09-25
3022,威強電,2.39,108.0,10.38,1.07,109/2,2020-09-25
3023,信邦,3.01,108.0,21.81,5.66,109/2,2020-09-25
3024,憶聲,1.94,108.0,63.06,1.22,109/2,2020-09-25
3025,星通,3.05,108.0,29.23,1.71,109/2,2020-09-25
3026,禾伸堂,7.2,108.0,16.76,1.8,109/2,2020-09-25
3027,盛達,0.0,108.0,,1.4,109/2,2020-09-25
3028,增你強,5.0,108.0,14.6,0.88,109/2,2020-09-25
3029,零壹,5.35,108.0,11.7,1.93,109/2,2020-09-25
3030,德律,5.89,108.0,12.47,2.53,109/2,2020-09-25
3031,佰鴻,6.19,108.0,12.27,0.91,109/2,2020-09-25
3032,偉訓,5.1,108.0,12.23,2.13,109/2,2020-09-25
3033,威健,3.38,108.0,16.03,1.11,109/2,2020-09-25
3034,聯詠,4.31,108.0,17.23,4.71,109/2,2020-09-25
3035,智原,2.62,108.0,27.63,2.06,109/2,2020-09-25
3036,文曄,5.79,108.0,9.4,0.76,109/2,2020-09-25
3037,欣興,1.5,108.0,25.53,2.42,109/2,2020-09-25
3038,全台,7.04,108.0,9.47,1.38,109/2,2020-09-25
3040,遠見,4.64,108.0,8.15,1.47,109/2,2020-09-25
3041,揚智,0.0,108.0,,1.31,109/2,2020-09-25
3042,晶技,3.4,108.0,21.0,2.7,109/2,2020-09-25
3043,科風,0.0,108.0,,17.12,109/2,2020-09-25
3044,健鼎,6.59,108.0,9.7,1.82,109/2,2020-09-25
3045,台灣大,4.91,108.0,21.63,4.49,109/2,2020-09-25
3046,建碁,0.0,108.0,,2.05,109/2,2020-09-25
3047,訊舟,1.09,108.0,,1.27,109/2,2020-09-25
3048,益登,5.85,108.0,8.3,1.13,109/2,2020-09-25
3049,和鑫,3.78,108.0,13.23,0.82,109/2,2020-09-25
3050,鈺德,4.63,108.0,17.7,0.69,109/2,2020-09-25
3051,力特,0.0,108.0,,1.33,109/2,2020-09-25
3052,夆典,4.74,108.0,5.75,0.74,109/2,2020-09-25
3054,立萬利,0.0,108.0,,1.97,109/2,2020-09-25
3055,蔚華科,1.28,108.0,,1.32,109/2,2020-09-25
3056,總太,8.12,108.0,10.21,1.75,109/2,2020-09-25
3058,立德,1.32,108.0,,0.62,109/2,2020-09-25
3059,華晶科,2.09,108.0,55.33,0.81,109/2,2020-09-25
3060,銘異,0.0,108.0,,0.63,109/2,2020-09-25
3062,建漢,1.08,108.0,695.0,0.85,109/2,2020-09-25
3090,日電貿,8.17,108.0,12.83,2.02,109/2,2020-09-25
3094,聯傑,4.39,108.0,34.0,1.48,109/2,2020-09-25
3130,一零四,5.9,108.0,18.99,3.69,109/2,2020-09-25
3149,正達,0.0,108.0,,1.69,109/2,2020-09-25
3164,景岳,3.46,108.0,57.07,1.59,109/2,2020-09-25
3167,大量,4.73,108.0,19.86,2.01,109/2,2020-09-25
3189,景碩,1.6,108.0,694.44,1.11,109/2,2020-09-25
3209,全科,6.77,108.0,8.71,1.21,109/2,2020-09-25
3229,晟鈦,0.0,108.0,,1.86,109/2,2020-09-25
3231,緯創,7.0,108.0,9.98,1.17,109/2,2020-09-25
3257,虹冠電,4.56,108.0,26.16,3.26,109/2,2020-09-25
3266,昇陽,3.79,108.0,26.4,0.93,109/2,2020-09-25
3296,勝德,2.01,108.0,,0.92,109/2,2020-09-25
3305,昇貿,4.39,108.0,20.35,0.79,109/2,2020-09-25
3308,聯德,0.0,108.0,,0.95,109/2,2020-09-25
3311,閎暉,0.0,108.0,,0.79,109/2,2020-09-25
3312,弘憶股,9.56,108.0,11.21,1.07,109/2,2020-09-25
3321,同泰,0.0,108.0,,2.9,109/2,2020-09-25
3338,泰碩,3.72,108.0,14.91,3.14,109/2,2020-09-25
3346,麗清,0.0,108.0,,1.62,109/2,2020-09-25
3356,奇偶,0.0,108.0,258.33,1.28,109/2,2020-09-25
3376,新日興,3.11,108.0,16.62,1.76,109/2,2020-09-25
3380,明泰,1.76,108.0,56.93,1.49,109/2,2020-09-25
3383,新世紀,0.0,108.0,,1.12,109/2,2020-09-25
3406,玉晶光,1.55,108.0,19.53,4.83,109/2,2020-09-25
3413,京鼎,2.29,108.0,13.47,3.18,109/2,2020-09-25
3416,融程電,4.12,108.0,23.37,2.57,109/2,2020-09-25
3419,譁裕,0.0,108.0,,1.08,109/2,2020-09-25
3432,台端,2.44,108.0,20.5,0.54,109/2,2020-09-25
3437,榮創,0.0,108.0,,1.23,109/2,2020-09-25
3443,創意,1.94,108.0,67.54,9.17,109/2,2020-09-25
3450,聯鈞,1.63,108.0,33.63,2.38,109/2,2020-09-25
3454,晶睿,3.46,108.0,28.92,2.24,109/2,2020-09-25
3481,群創,1.08,108.0,,0.41,109/2,2020-09-25
3494,誠研,0.0,108.0,,0.93,109/2,2020-09-25
3501,維熹,6.63,108.0,12.43,0.96,109/2,2020-09-25
3504,揚明光,0.0,108.0,,1.92,109/2,2020-09-25
3515,華擎,2.31,108.0,22.67,3.36,109/2,2020-09-25
3518,柏騰,0.0,108.0,,1.51,109/2,2020-09-25
3528,安馳,6.38,108.0,12.89,1.85,109/2,2020-09-25
3530,晶相光,2.4,108.0,38.08,3.25,109/2,2020-09-25
3532,台勝科,3.4,108.0,33.23,2.02,109/2,2020-09-25
3533,嘉澤,2.32,108.0,17.67,3.96,109/2,2020-09-25
3535,晶彩科,2.97,108.0,,1.33,109/2,2020-09-25
3536,誠創,0.0,108.0,,2.98,109/2,2020-09-25
3543,州巧,4.29,108.0,42.39,0.53,109/2,2020-09-25
3545,敦泰,1.64,108.0,29.38,1.15,109/2,2020-09-25
3550,聯穎,3.5,108.0,18.1,0.7,109/2,2020-09-25
3557,嘉威,0.0,108.0,8.6,3.68,109/2,2020-09-25
3563,牧德,3.55,108.0,17.7,5.2,109/2,2020-09-25
3576,聯合再生,0.0,108.0,,1.65,109/2,2020-09-25
3583,辛耘,3.73,108.0,18.29,1.68,109/2,2020-09-25
3588,通嘉,3.0,108.0,44.4,1.22,109/2,2020-09-25
3591,艾笛森,0.88,108.0,,0.56,109/2,2020-09-25
3593,力銘,0.0,108.0,,2.13,109/2,2020-09-25
3596,智易,5.62,108.0,14.32,1.65,109/2,2020-09-25
3605,宏致,2.53,108.0,10.92,0.86,109/2,2020-09-25
3607,谷崧,0.0,108.0,,0.52,109/2,2020-09-25
3617,碩天,7.21,108.0,19.17,1.43,109/2,2020-09-25
3622,洋華,3.82,108.0,19.95,0.7,109/2,2020-09-25
3645,達邁,0.86,108.0,39.19,2.97,109/2,2020-09-25
3653,健策,1.74,108.0,37.42,5.99,109/2,2020-09-25
3661,世芯-KY,0.71,108.0,47.54,8.55,109/2,2020-09-25
3665,貿聯-KY,3.99,108.0,16.72,2.52,109/2,2020-09-25
3669,圓展,0.47,108.0,61.08,4.01,109/2,2020-09-25
3673,TPK-KY,0.0,108.0,40.38,0.54,109/2,2020-09-25
3679,新至陞,4.32,108.0,10.15,1.49,109/2,2020-09-25
3682,亞太電,0.0,108.0,,1.16,109/2,2020-09-25
3686,達能,0.0,108.0,,2.07,109/2,2020-09-25
3694,海華,0.0,108.0,33.76,2.55,109/2,2020-09-25
3698,隆達,0.0,108.0,,0.92,109/2,2020-09-25
3701,大眾控,0.0,108.0,,1.26,109/2,2020-09-25
3702,大聯大,6.32,108.0,9.78,1.14,109/2,2020-09-25
3703,欣陸,2.66,108.0,235.0,0.68,109/2,2020-09-25
3704,合勤控,0.0,108.0,,1.4,109/2,2020-09-25
3705,永信,5.12,108.0,14.32,1.88,109/2,2020-09-25
3706,神達,7.97,108.0,9.79,0.75,109/2,2020-09-25
3708,上緯投控,2.82,108.0,18.56,2.64,109/2,2020-09-25
3711,日月光投控,3.4,108.0,10.95,1.25,109/2,2020-09-25
3712,永崴投控,0.0,108.0,,1.44,109/2,2020-09-25
4104,佳醫,5.99,108.0,14.31,1.05,109/2,2020-09-25
4106,雃博,1.54,108.0,31.01,1.46,109/2,2020-09-25
4108,懷特,0.0,108.0,,3.23,109/2,2020-09-25
4119,旭富,4.98,108.0,13.24,2.69,109/2,2020-09-25
4133,亞諾法,0.13,108.0,314.58,3.82,109/2,2020-09-25
4137,麗豐-KY,7.21,108.0,13.48,4.09,109/2,2020-09-25
4141,龍燈-KY,0.0,108.0,,0.42,109/2,2020-09-25
4142,國光生,0.0,108.0,,6.11,109/2,2020-09-25
4144,康聯-KY,1.23,108.0,,0.94,109/2,2020-09-25
4148,全宇生技-KY,2.89,108.0,111.45,1.18,109/2,2020-09-25
4155,訊映,5.12,108.0,15.7,1.72,109/2,2020-09-25
4164,承業醫,5.25,108.0,13.66,1.07,109/2,2020-09-25
4190,佐登-KY,4.93,108.0,17.28,2.78,109/2,2020-09-25
4306,炎洲,2.25,108.0,,0.84,109/2,2020-09-25
4414,如興,0.0,108.0,,0.97,109/2,2020-09-25
4426,利勤,4.38,108.0,37.03,1.38,109/2,2020-09-25
4438,廣越,6.98,108.0,12.71,1.77,109/2,2020-09-25
4439,冠星-KY,7.58,108.0,8.56,1.53,109/2,2020-09-25
4526,東台,1.53,108.0,,0.66,109/2,2020-09-25
4532,瑞智,2.59,108.0,17.08,1.28,109/2,2020-09-25
4536,拓凱,4.24,108.0,19.46,2.65,109/2,2020-09-25
4540,全球傳動,0.0,108.0,,1.41,109/2,2020-09-25
4545,銘鈺,1.18,108.0,247.5,1.41,109/2,2020-09-25
4551,智伸科,1.17,108.0,38.03,3.85,109/2,2020-09-25
4552,力達-KY,4.63,108.0,15.57,0.89,109/2,2020-09-25
4555,氣立,2.54,108.0,38.41,1.29,109/2,2020-09-25
4557,永新-KY,8.24,108.0,13.61,1.79,109/2,2020-09-25
4560,強信-KY,10.36,108.0,13.56,1.82,109/2,2020-09-25
4562,穎漢,0.0,108.0,,1.11,109/2,2020-09-25
4564,元翎,7.5,108.0,18.94,1.27,109/2,2020-09-25
4566,時碩工業,4.67,108.0,16.18,1.13,109/2,2020-09-25
4571,鈞興-KY,4.85,108.0,14.65,2.06,109/2,2020-09-25
4572,駐龍,6.47,108.0,20.29,1.49,109/2,2020-09-25
4576,大銀微系統,0.14,108.0,224.06,2.53,109/2,2020-09-25
4581,光隆精密-KY,8.16,108.0,13.41,1.52,109/2,2020-09-25
4720,德淵,2.31,108.0,52.0,1.1,109/2,2020-09-25
4722,國精化,6.69,108.0,11.26,1.11,109/2,2020-09-25
4725,信昌化,0.0,108.0,,2.56,109/2,2020-09-25
4737,華廣,2.89,108.0,107.5,2.1,109/2,2020-09-25
4739,康普,2.19,108.0,43.15,1.59,109/2,2020-09-25
4746,台耀,0.0,108.0,10.0,1.01,109/2,2020-09-25
4755,三福化,3.99,108.0,16.22,1.82,109/2,2020-09-25
4763,材料-KY,3.47,108.0,16.0,5.93,109/2,2020-09-25
4764,雙鍵,2.03,108.0,98.36,2.13,109/2,2020-09-25
4766,南寶,4.78,108.0,13.14,1.65,109/2,2020-09-25
4807,日成-KY,0.0,108.0,41.29,1.24,109/2,2020-09-25
4904,遠傳,5.35,108.0,22.65,3.12,109/2,2020-09-25
4906,正文,1.98,108.0,252.5,1.12,109/2,2020-09-25
4912,聯德控股-KY,2.27,108.0,16.57,2.8,109/2,2020-09-25
4915,致伸,5.71,108.0,8.79,1.61,109/2,2020-09-25
4916,事欣科,9.93,108.0,9.6,1.22,109/2,2020-09-25
4919,新唐,2.93,108.0,17.11,1.61,109/2,2020-09-25
4927,泰鼎-KY,4.14,108.0,14.63,1.93,109/2,2020-09-25
4930,燦星網,3.82,108.0,12.13,0.5,109/2,2020-09-25
4934,太極,0.0,108.0,,3.39,109/2,2020-09-25
4935,茂林-KY,1.49,108.0,17.79,2.07,109/2,2020-09-25
4938,和碩,7.34,108.0,6.92,1.05,109/2,2020-09-25
4942,嘉彰,6.83,108.0,7.63,0.76,109/2,2020-09-25
4943,康控-KY,2.58,108.0,36.56,2.25,109/2,2020-09-25
4952,凌通,5.95,108.0,17.09,1.73,109/2,2020-09-25
4956,光鋐,0.0,108.0,,1.0,109/2,2020-09-25
4958,臻鼎-KY,3.66,108.0,12.02,1.72,109/2,2020-09-25
4960,誠美材,0.0,108.0,,0.58,109/2,2020-09-25
4961,天鈺,2.98,108.0,22.86,1.36,109/2,2020-09-25
4967,十銓,2.85,108.0,10.45,1.69,109/2,2020-09-25
4968,立積,0.87,108.0,37.59,8.99,109/2,2020-09-25
4976,佳凌,0.0,108.0,,3.31,109/2,2020-09-25
4977,眾達-KY,3.45,108.0,21.88,3.11,109/2,2020-09-25
4989,榮科,3.76,108.0,,1.21,109/2,2020-09-25
4994,傳奇,1.67,108.0,15.75,4.47,109/2,2020-09-25
4999,鑫禾,5.71,108.0,10.79,1.0,109/2,2020-09-25
5007,三星,4.54,108.0,19.69,2.19,109/2,2020-09-25
5203,訊連,3.28,108.0,25.75,2.4,109/2,2020-09-25
5215,科嘉-KY,2.23,108.0,19.41,3.59,109/2,2020-09-25
5225,東科-KY,2.31,108.0,,0.92,109/2,2020-09-25
5234,達興材料,6.25,108.0,12.35,3.17,109/2,2020-09-25
5243,乙盛-KY,5.5,108.0,12.74,1.01,109/2,2020-09-25
5258,虹堡,0.0,108.0,5.91,1.35,109/2,2020-09-25
5264,鎧勝-KY,1.18,108.0,,1.24,109/2,2020-09-25
5269,祥碩,0.85,108.0,54.42,8.8,109/2,2020-09-25
5283,禾聯碩,8.08,108.0,9.12,2.03,109/2,2020-09-25
5284,jpp-KY,5.6,108.0,14.07,0.82,109/2,2020-09-25
5285,界霖,5.72,108.0,34.96,1.83,109/2,2020-09-25
5288,豐祥-KY,5.79,108.0,13.46,2.23,109/2,2020-09-25
5305,敦南,2.86,108.0,5.15,1.43,109/2,2020-09-25
5388,中磊,4.21,108.0,18.29,2.58,109/2,2020-09-25
5434,崇越,5.8,108.0,10.83,2.2,109/2,2020-09-25
5469,瀚宇博,4.39,108.0,6.64,0.86,109/2,2020-09-25
5471,松翰,3.12,108.0,17.44,3.48,109/2,2020-09-25
5484,慧友,0.0,108.0,,1.17,109/2,2020-09-25
5515,建國,4.48,108.0,11.72,0.71,109/2,2020-09-25
5519,隆大,9.47,108.0,11.49,0.78,109/2,2020-09-25
5521,工信,0.0,108.0,2.52,0.78,109/2,2020-09-25
5522,遠雄,8.2,108.0,11.67,0.89,109/2,2020-09-25
5525,順天,6.27,108.0,30.51,1.12,109/2,2020-09-25
5531,鄉林,0.0,108.0,42.5,0.92,109/2,2020-09-25
5533,皇鼎,3.13,108.0,63.8,0.63,109/2,2020-09-25
5534,長虹,8.03,108.0,7.77,1.36,109/2,2020-09-25
5538,東明-KY,4.86,108.0,11.87,1.42,109/2,2020-09-25
5546,永固-KY,5.73,108.0,10.28,2.19,109/2,2020-09-25
5607,遠雄港,3.85,108.0,10.06,1.12,109/2,2020-09-25
5608,四維航,0.0,108.0,,0.48,109/2,2020-09-25
5706,鳳凰,4.44,108.0,17.08,1.6,109/2,2020-09-25
5871,中租-KY,3.95,108.0,11.11,2.49,109/2,2020-09-25
5876,上海商銀,5.34,108.0,12.39,1.15,109/2,2020-09-25
5880,合庫金,6.01,108.0,14.84,1.12,109/2,2020-09-25
5906,台南-KY,0.0,108.0,,3.37,109/2,2020-09-25
5907,大洋-KY,9.89,108.0,42.79,0.54,109/2,2020-09-25
6005,群益證,7.55,108.0,10.19,0.7,109/2,2020-09-25
6024,群益期,5.23,108.0,12.75,1.26,109/2,2020-09-25
6108,競國,7.82,108.0,23.78,0.94,109/2,2020-09-25
6112,聚碩,8.09,108.0,14.55,1.75,109/2,2020-09-25
6115,鎰勝,7.33,108.0,15.67,1.77,109/2,2020-09-25
6116,彩晶,0.0,108.0,,0.63,109/2,2020-09-25
6117,迎廣,0.0,108.0,,1.28,109/2,2020-09-25
6120,達運,0.0,108.0,,0.71,109/2,2020-09-25
6128,上福,9.04,108.0,18.18,1.08,109/2,2020-09-25
6133,金橋,3.27,108.0,153.0,0.65,109/2,2020-09-25
6136,富爾特,8.19,108.0,28.5,0.81,109/2,2020-09-25
6139,亞翔,5.75,108.0,10.24,0.8,109/2,2020-09-25
6141,柏承,1.68,108.0,6.22,1.53,109/2,2020-09-25
6142,友勁,0.0,108.0,,1.04,109/2,2020-09-25
6152,百一,0.0,108.0,146.5,1.15,109/2,2020-09-25
6153,嘉聯益,0.95,108.0,114.35,0.98,109/2,2020-09-25
6155,鈞寶,5.16,108.0,45.8,1.3,109/2,2020-09-25
6164,華興,0.0,108.0,,0.64,109/2,2020-09-25
6165,捷泰,0.0,108.0,,7.68,109/2,2020-09-25
6166,凌華,2.47,108.0,42.08,3.2,109/2,2020-09-25
6168,宏齊,0.0,108.0,60.22,1.05,109/2,2020-09-25
6172,互億,0.79,108.0,,2.46,109/2,2020-09-25
6176,瑞儀,7.51,108.0,9.17,1.92,109/2,2020-09-25
6177,達麗,10.53,108.0,20.8,1.74,109/2,2020-09-25
6183,關貿,3.76,108.0,25.75,3.4,109/2,2020-09-25
6184,大豐電,7.43,108.0,12.39,1.51,109/2,2020-09-25
6189,豐藝,6.95,108.0,11.71,1.61,109/2,2020-09-25
6191,精成科,2.64,108.0,8.0,0.71,109/2,2020-09-25
6192,巨路,5.34,108.0,10.56,1.38,109/2,2020-09-25
6196,帆宣,2.6,108.0,22.32,3.23,109/2,2020-09-25
6197,佳必琪,9.35,108.0,12.49,1.41,109/2,2020-09-25
6201,亞弘電,7.39,108.0,15.82,1.33,109/2,2020-09-25
6202,盛群,6.42,108.0,16.96,4.09,109/2,2020-09-25
6205,詮欣,3.91,108.0,15.4,1.3,109/2,2020-09-25
6206,飛捷,7.39,108.0,13.78,2.15,109/2,2020-09-25
6209,今國光,0.0,108.0,,1.76,109/2,2020-09-25
6213,聯茂,4.29,108.0,14.78,3.35,109/2,2020-09-25
6214,精誠,6.13,108.0,10.58,1.58,109/2,2020-09-25
6215,和椿,3.31,108.0,12.91,1.17,109/2,2020-09-25
6216,居易,7.44,108.0,17.34,1.51,109/2,2020-09-25
6224,聚鼎,5.24,108.0,14.76,3.07,109/2,2020-09-25
6225,天瀚,0.0,108.0,,32.29,109/2,2020-09-25
6226,光鼎,5.26,108.0,7.69,0.75,109/2,2020-09-25
6230,超眾,1.89,108.0,34.52,5.84,109/2,2020-09-25
6235,華孚,0.0,108.0,6.2,1.11,109/2,2020-09-25
6239,力成,5.37,108.0,9.19,1.52,109/2,2020-09-25
6243,迅杰,0.0,108.0,,1.85,109/2,2020-09-25
6251,定穎,0.0,108.0,6.25,1.05,109/2,2020-09-25
6257,矽格,5.95,108.0,9.66,1.41,109/2,2020-09-25
6269,台郡,4.16,108.0,10.89,1.86,109/2,2020-09-25
6271,同欣電,1.97,108.0,29.25,1.4,109/2,2020-09-25
6277,宏正,6.48,108.0,5.86,2.05,109/2,2020-09-25
6278,台表科,2.77,108.0,16.69,2.38,109/2,2020-09-25
6281,全國電,5.87,108.0,14.51,2.89,109/2,2020-09-25
6282,康舒,4.72,108.0,5.94,1.24,109/2,2020-09-25
6283,淳安,0.0,108.0,,2.21,109/2,2020-09-25
6285,啟碁,3.35,108.0,19.58,1.83,109/2,2020-09-25
6288,聯嘉,2.22,108.0,33.48,2.74,109/2,2020-09-25
6289,華上,0.0,108.0,,16.94,109/2,2020-09-25
6405,悅城,2.62,108.0,18.19,0.67,109/2,2020-09-25
6409,旭隼,2.57,108.0,32.72,18.56,109/2,2020-09-25
6412,群電,4.85,108.0,13.61,3.2,109/2,2020-09-25
6414,樺漢,2.23,108.0,15.15,2.24,109/2,2020-09-25
6415,矽力-KY,0.44,108.0,57.8,9.89,109/2,2020-09-25
6416,瑞祺電通,2.1,108.0,26.53,3.35,109/2,2020-09-25
6431,光麗-KY,0.0,108.0,,4.08,109/2,2020-09-25
6442,光聖,4.59,108.0,,1.15,109/2,2020-09-25
6443,元晶,0.0,108.0,,3.9,109/2,2020-09-25
6449,鈺邦,2.14,108.0,18.37,2.05,109/2,2020-09-25
6451,訊芯-KY,3.94,108.0,14.87,1.85,109/2,2020-09-25
6456,GIS-KY,2.87,108.0,11.56,1.6,109/2,2020-09-25
6464,台數科,3.27,108.0,16.8,2.41,109/2,2020-09-25
6477,安集,2.74,108.0,17.55,1.76,109/2,2020-09-25
6491,晶碩,1.29,108.0,26.29,3.31,109/2,2020-09-25
6504,南六,1.89,108.0,19.91,5.33,109/2,2020-09-25
6505,台塑化,3.62,108.0,890.0,2.86,109/2,2020-09-25
6525,捷敏-KY,6.33,108.0,10.49,2.07,109/2,2020-09-25
6531,愛普,0.3,108.0,158.06,10.37,109/2,2020-09-25
6533,晶心科,0.23,108.0,,5.72,109/2,2020-09-25
6541,泰福-KY,0.0,108.0,,5.6,109/2,2020-09-25
6552,易華電,4.42,108.0,14.53,2.13,109/2,2020-09-25
6558,興能高,2.92,108.0,57.0,2.31,109/2,2020-09-25
6573,虹揚-KY,0.0,108.0,,0.9,109/2,2020-09-25
6579,研揚,4.72,108.0,21.94,1.33,109/2,2020-09-25
6581,鋼聯,3.9,108.0,55.97,2.31,109/2,2020-09-25
6582,申豐,2.76,108.0,21.94,4.84,109/2,2020-09-25
6591,動力-KY,2.72,108.0,11.99,1.45,109/2,2020-09-25
6592,和潤企業,3.94,108.0,17.57,2.02,109/2,2020-09-25
6598,ABC-KY,0.0,108.0,,7.7,109/2,2020-09-25
6605,帝寶,3.23,108.0,27.51,0.6,109/2,2020-09-25
6625,必應,0.28,108.0,,2.77,109/2,2020-09-25
6641,基士德-KY,7.36,108.0,10.18,1.91,109/2,2020-09-25
6655,科定,4.47,108.0,18.96,1.45,109/2,2020-09-25
6666,羅麗芬-KY,6.93,108.0,19.31,3.2,109/2,2020-09-25
6668,中揚光,1.61,108.0,28.08,1.87,109/2,2020-09-25
6669,緯穎,3.57,108.0,16.23,5.71,109/2,2020-09-25
6670,復盛應用,4.69,108.0,11.96,3.96,109/2,2020-09-25
6671,三能-KY,8.02,108.0,11.2,1.52,109/2,2020-09-25
6672,騰輝電子-KY,7.24,108.0,10.1,2.26,109/2,2020-09-25
6674,鋐寶科技,5.45,108.0,,1.06,109/2,2020-09-25
6698,旭暉應材,4.05,108.0,39.11,2.18,109/2,2020-09-25
6706,惠特,2.82,108.0,48.45,4.41,109/2,2020-09-25
6715,嘉基,1.43,108.0,28.01,4.62,109/2,2020-09-25
6754,匯僑設計,6.29,108.0,14.51,1.84,109/2,2020-09-25
8011,台通,0.0,108.0,75.71,0.72,109/2,2020-09-25
8016,矽創,5.14,108.0,11.91,2.54,109/2,2020-09-25
8021,尖點,5.87,108.0,15.61,0.71,109/2,2020-09-25
8028,昇陽半導體,4.42,108.0,24.49,2.67,109/2,2020-09-25
8033,雷虎,0.0,108.0,,2.1,109/2,2020-09-25
8039,台虹,5.17,108.0,16.67,1.46,109/2,2020-09-25
8046,南電,0.62,108.0,37.79,2.45,109/2,2020-09-25
8070,長華*,6.49,108.0,13.96,2.3,109/2,2020-09-25
8072,陞泰,0.66,108.0,,1.12,109/2,2020-09-25
8081,致新,5.05,108.0,14.63,3.18,109/2,2020-09-25
8101,華冠,0.0,108.0,,1.73,109/2,2020-09-25
8103,瀚荃,3.59,108.0,10.91,0.93,109/2,2020-09-25
8104,錸寶,0.79,108.0,38.41,1.6,109/2,2020-09-25
8105,凌巨,1.05,108.0,,0.55,109/2,2020-09-25
8110,華東,0.0,108.0,14.27,0.43,109/2,2020-09-25
8112,至上,9.29,108.0,7.98,1.51,109/2,2020-09-25
8114,振樺電,5.61,108.0,21.68,2.44,109/2,2020-09-25
8131,福懋科,6.4,108.0,10.92,1.41,109/2,2020-09-25
8150,南茂,6.61,108.0,8.36,1.01,109/2,2020-09-25
8163,達方,6.21,108.0,12.69,1.28,109/2,2020-09-25
8201,無敵,0.0,108.0,,0.92,109/2,2020-09-25
8210,勤誠,5.38,108.0,11.06,3.15,109/2,2020-09-25
8213,志超,6.65,108.0,5.72,0.9,109/2,2020-09-25
8215,明基材,2.42,108.0,31.85,1.65,109/2,2020-09-25
8222,寶一,3.38,108.0,42.9,1.01,109/2,2020-09-25
8249,菱光,7.27,108.0,16.18,0.66,109/2,2020-09-25
8261,富鼎,1.45,108.0,29.08,1.95,109/2,2020-09-25
8271,宇瞻,7.43,108.0,7.74,1.26,109/2,2020-09-25
8341,日友,3.38,108.0,26.16,10.28,109/2,2020-09-25
8367,建新國際,4.31,108.0,10.37,1.02,109/2,2020-09-25
8374,羅昇,1.34,108.0,,1.32,109/2,2020-09-25
8404,百和興業-KY,2.18,108.0,17.86,1.79,109/2,2020-09-25
8411,福貞-KY,0.0,108.0,90.36,0.45,109/2,2020-09-25
8422,可寧衛,6.33,108.0,15.57,3.4,109/2,2020-09-25
8427,基勝-KY,0.83,108.0,43.87,1.19,109/2,2020-09-25
8429,金麗-KY,0.23,108.0,,0.25,109/2,2020-09-25
8442,威宏-KY,0.64,108.0,21.84,1.58,109/2,2020-09-25
8443,阿瘦,1.46,108.0,,0.5,109/2,2020-09-25
8454,富邦媒,1.26,108.0,59.16,16.07,109/2,2020-09-25
8462,柏文,3.79,108.0,27.05,5.82,109/2,2020-09-25
8463,潤泰材,1.35,108.0,84.53,2.42,109/2,2020-09-25
8464,億豐,3.02,108.0,21.2,7.75,109/2,2020-09-25
8466,美吉吉-KY,6.65,108.0,12.62,1.68,109/2,2020-09-25
8467,波力-KY,4.19,108.0,16.28,1.83,109/2,2020-09-25
8473,山林水,4.92,108.0,15.4,0.97,109/2,2020-09-25
8478,東哥遊艇,0.79,108.0,23.56,2.08,109/2,2020-09-25
8480,泰昇-KY,5.32,108.0,11.37,2.76,109/2,2020-09-25
8481,政伸,4.46,108.0,20.0,3.89,109/2,2020-09-25
8482,商億-KY,5.75,108.0,18.85,4.42,109/2,2020-09-25
8488,吉源-KY,3.65,108.0,,0.4,109/2,2020-09-25
8497,格威傳媒,5.35,108.0,22.4,9.56,109/2,2020-09-25
8499,鼎炫-KY,3.86,108.0,12.98,3.66,109/2,2020-09-25
8926,台汽電,4.52,108.0,20.57,1.91,109/2,2020-09-25
8940,新天地,0.0,108.0,,1.04,109/2,2020-09-25
8996,高力,3.98,108.0,31.18,2.56,109/2,2020-09-25
9802,鈺齊-KY,5.16,108.0,14.32,2.46,109/2,2020-09-25
9902,台火,4.21,108.0,28.79,0.76,109/2,2020-09-25
9904,寶成,4.88,108.0,13.62,0.65,109/2,2020-09-25
9905,大華,4.75,108.0,12.53,0.95,109/2,2020-09-25
9906,欣巴巴,0.0,108.0,,4.49,109/2,2020-09-25
9907,統一實,0.0,108.0,44.5,0.88,109/2,2020-09-25
9908,大台北,3.57,108.0,19.4,1.46,109/2,2020-09-25
9910,豐泰,3.51,108.0,23.55,8.09,109/2,2020-09-25
9911,櫻花,5.67,108.0,11.84,2.34,109/2,2020-09-25
9912,偉聯,0.0,108.0,,0.91,109/2,2020-09-25
9914,美利達,1.8,108.0,23.12,5.07,109/2,2020-09-25
9917,中保科,4.72,108.0,17.48,3.75,109/2,2020-09-25
9918,欣天然,3.86,108.0,25.36,2.14,109/2,2020-09-25
9919,康那香,0.5,108.0,28.54,3.12,109/2,2020-09-25
9921,巨大,1.69,108.0,26.78,4.68,109/2,2020-09-25
9924,福興,6.23,108.0,9.85,1.48,109/2,2020-09-25
9925,新保,5.52,108.0,15.76,1.5,109/2,2020-09-25
9926,新海,3.98,108.0,20.43,2.57,109/2,2020-09-25
9927,泰銘,7.17,108.0,20.82,1.21,109/2,2020-09-25
9928,中視,0.0,108.0,,1.72,109/2,2020-09-25
9929,秋雨,0.0,108.0,2.78,1.19,109/2,2020-09-25
9930,中聯資源,4.55,108.0,14.5,2.21,109/2,2020-09-25
9931,欣高,3.22,108.0,21.13,2.03,109/2,2020-09-25
9933,中鼎,5.31,108.0,29.0,1.89,109/2,2020-09-25
9934,成霖,4.2,108.0,204.29,1.01,109/2,2020-09-25
9935,慶豐富,1.86,108.0,29.91,2.87,109/2,2020-09-25
9937,全國,4.38,108.0,20.4,2.99,109/2,2020-09-25
9938,百和,4.67,108.0,12.73,2.12,109/2,2020-09-25
9939,宏全,5.67,108.0,10.8,1.29,109/2,2020-09-25
9940,信義,4.26,108.0,25.41,2.13,109/2,2020-09-25
9941,裕融,5.75,108.0,12.81,2.21,109/2,2020-09-25
9942,茂順,6.61,108.0,15.08,1.9,109/2,2020-09-25
9943,好樂迪,8.02,108.0,14.34,2.41,109/2,2020-09-25
9944,新麗,0.0,108.0,,0.86,109/2,2020-09-25
9945,潤泰新,15.27,108.0,5.25,0.43,109/2,2020-09-25
9946,三發地產,8.74,108.0,6.58,0.82,109/2,2020-09-25
9955,佳龍,0.0,108.0,,1.17,109/2,2020-09-25
9958,世紀鋼,0.8,108.0,24.7,5.5,109/2,2020-09-25
