公司代號,公司名稱,備註,上月比較增減(%),上月營收,去年同月增減(%),去年當月營收,當月營收,前期比較增減(%),去年累計營收,當月累計營收
1101,台泥,-,-33.34,7502141,-1.66,5085162,5000692,-13.65,14479402,12502833
1102,亞泥,-,-45.27,5210319,-9.94,3165899,2851105,-27.18,11071636,8061424
1103,嘉泥,-,-8.61,165029,39.06,108448,150813,10.62,285508,315842
1104,環泥,108年2月適逢農曆春節，工作天數較少。,15.03,359966,52.99,270638,414075,3.18,750157,774041
1108,幸福,因去年同期適逢農曆春節假期發貨天數較少外，本月因部分同業設備維修出貨量下降，惟整體市場需求上升，致本公司發貨量增加。,31.67,296395,132.22,168065,390288,31.73,521254,686683
1109,信大,-,-58.09,476715,33.21,149960,199776,-17.38,818852,676491
1110,東泥,-,-8.7,126262,39.0,82927,115270,-10.28,269220,241532
1201,味全,-,-23.12,1442127,-18.4,1358770,1108658,-13.3,2942263,2550785
1203,味王,-,-2.77,516699,13.35,443171,502344,3.21,987278,1019043
1210,大成,-,-5.31,6175533,17.61,4971488,5847338,-1.03,12148001,12022872
1213,大飲,-,-24.83,31854,-40.02,39925,23944,-46.01,103351,55798
1215,卜蜂,-,-2.52,1686306,12.3,1463626,1643656,-0.57,3349095,3329962
1216,統一,-,-25.86,41529085,3.22,29826477,30787526,1.89,70970886,72316611
1217,愛之味,-,-25.31,405408,-0.13,303197,302786,3.73,682708,708194
1218,泰山,-,-31.38,736974,8.06,467918,505641,5.8,1174402,1242615
1219,福壽,-,-10.33,1016959,27.46,715431,911889,0.71,1915246,1928847
1220,台榮,-,-11.58,201511,24.14,143511,178161,-6.31,405248,379672
1225,福懋油,-,-7.63,850077,23.96,633413,785185,2.36,1597513,1635262
1227,佳格,-,-49.06,2931475,7.56,1388035,1493010,-23.05,5750169,4424485
1229,聯華,本公司本年度合併營收成長主因自108年4月起納入子公司神通電腦及神通資訊營收所致。,9.31,602410,109.34,314549,658504,56.1,807728,1260914
1231,聯華食,-,-41.68,883070,-10.12,572959,514965,-5.94,1486417,1398035
1232,大統益,-,-16.94,1479927,11.58,1101574,1229139,-0.46,2721711,2709066
1233,天仁,-,-34.09,223889,-8.81,161835,147563,-4.3,388180,371452
1234,黑松,-,-36.9,831335,-14.29,611984,524531,-15.33,1601397,1355866
1235,興泰,-,-4.81,1350,15.35,1114,1285,-8.06,2866,2635
1236,宏亞,-,-58.73,208484,9.02,78912,86037,-27.43,405860,294521
1702,南僑,-,-43.2,1492225,-13.84,983725,847574,-13.41,2702256,2339799
1737,臺鹽,-,1.33,230456,41.81,164679,233536,5.62,439290,463992
1301,台塑,-,-7.91,13858050,-13.87,14815825,12760661,-22.43,34316734,26618712
1303,南亞,-,-10.37,22313695,-4.57,20957969,19999005,-7.92,45952842,42312700
1304,台聚,-,2.41,3557870,-2.18,3725362,3643881,-17.5,8729943,7201751
1305,華夏,-,21.83,1042016,44.08,881123,1269527,11.43,2074359,2311543
1307,三芳,-,11.36,748887,20.46,692269,833964,-1.25,1602944,1582851
1308,亞聚,-,12.16,383724,-9.8,477215,430415,-25.81,1097396,814139
1309,台達化,-,-13.85,1033894,-28.77,1250603,890685,-35.78,2997167,1924579
1310,台苯,-,-33.59,768429,-39.85,848455,510293,-34.97,1966412,1278722
1312,國喬,-,-30.11,1471941,-29.26,1454364,1028691,-25.55,3359000,2500632
1313,聯成,-,-48.11,3379946,-45.68,3228374,1753579,-44.18,9187954,5127845
1314,中石化,-,-19.12,2063432,-38.25,2702854,1668882,-29.18,5270640,3732314
1315,達新,-,-3.06,165414,22.37,131022,160344,0.79,323179,325759
1321,大洋,-,-3.78,356932,37.86,249105,343433,2.33,684678,700677
1323,永裕,-,-8.07,237926,-7.33,236013,218708,-16.02,543788,456634
1324,地球,-,31.98,76543,21.62,83062,101024,-2.57,182253,177567
1325,恆大,受武漢肺炎影響致營收增加,81.22,58992,133.82,45720,106907,30.38,127237,165899
1326,台化,-,-7.14,22647976,-23.72,27572409,21029837,-26.41,59360197,43677813
4306,炎洲,-,-8.65,999485,-1.57,927582,913004,-21.22,2427716,1912489
1402,遠東新,-,-7.97,17466170,-10.63,17985769,16072828,-14.96,39440522,33538998
1409,新纖,-,-5.85,2560642,-15.2,2842997,2410828,-21.27,6314994,4971470
1410,南染,-,40.33,24254,32.68,25652,34036,-7.51,63027,58290
1413,宏洲,-,-3.72,161063,-35.73,241280,155068,-44.71,571853,316131
1414,東和,-,55.14,55721,31.06,65962,86451,6.84,133065,142172
1417,嘉裕,-,-24.91,129664,-18.39,119313,97360,-18.16,277417,227024
1418,東華,配合客戶生產線出貨,22.11,9629,-56.51,27041,11758,-44.91,38826,21387
1419,新紡,-,10.79,163148,46.24,123598,180755,37.84,249479,343903
1423,利華,-,117.44,12069,-15.68,31127,26244,-47.65,73200,38313
1434,福懋,-,8.35,2648364,-15.91,3412786,2869596,-24.41,7300531,5517960
1439,中和,因應大陸武漢新型冠狀病毒肺炎疫情擴散情況嚴重，致使供應商延後復工，延宕出貨時程，造成營收較去年同期減少。,10.08,10775,-55.01,26367,11862,-53.68,48873,22636
1440,南紡,-,46.13,1354218,30.74,1513609,1978926,-6.05,3547935,3333144
1441,大東,1. 2020年增加庫存銷售數 2. 2019年2月過年假期，相較於2020年2月工作天較多,14.93,142499,124.03,73105,163779,38.24,221543,306278
1443,立益,-,0.94,44762,9.09,41416,45184,-26.11,121744,89946
1444,力麗,-,8.82,744969,-8.66,887659,810705,-24.95,2072943,1555674
1445,大宇,-,19.37,98410,33.99,87675,117479,-14.22,251692,215889
1446,宏和,-,-39.45,34612,-3.16,21639,20955,-3.69,57696,55567
1447,力鵬,-,18.54,879978,-8.76,1143378,1043140,-20.05,2405665,1923118
1449,佳和,-,34.64,111626,-9.38,165856,150298,-28.59,366817,261925
1451,年興,-,-4.79,644616,14.95,533848,613683,-8.52,1375562,1258299
1452,宏益,-,27.64,114486,4.35,140035,146138,-24.49,345186,260624
1453,大將,"本年營收增加,係因本年銷售待售房屋所致.",-99.72,20381,-24.32,74,56,10169.84,199,20437
1454,台富,-,16.94,118611,2.1,135856,138709,-16.0,306368,257320
1455,集盛,-,5.6,679676,-32.54,1064006,717761,-41.66,2395481,1397437
1456,怡華,本月認列建設收入較去年本月減少所致,-49.51,57927,-63.17,79414,29247,-37.27,138984,87174
1457,宜進,-,-0.55,296309,-21.08,373380,294650,-34.02,895715,590959
1459,聯發,-,51.45,143616,-5.9,231172,217512,-35.93,563371,360951
1460,宏遠,-,-7.73,634183,-4.43,612261,585125,-16.27,1456060,1219146
1463,強盛,子公司保強建設餘屋售出入帳,258.96,34463,318.78,29540,123709,56.8,100873,158172
1464,得力,-,-23.03,881034,9.26,620621,678094,12.82,1381869,1559128
1465,偉全,本年營收較去年同期減少，主要係因去年同期含已處分子公司之營收故基期較高。,9.25,35466,-48.91,75845,38747,-58.2,177553,74213
1466,聚隆,-,24.29,227705,10.51,256099,283033,-20.16,639721,510738
1467,南緯,-,-13.25,441942,-13.15,441422,383369,-21.98,1057850,825311
1468,昶和,去年因春節假日故工作天數減少比較基期數據偏低所致。,-3.83,76156,89.44,38660,73239,5.55,141530,149396
1470,大統新創,-,29.24,53667,12.03,61913,69363,-0.77,123995,123030
1472,三洋紡,-,-50.21,29339,-37.23,23271,14607,2.63,42819,43946
1473,台南,-,-19.31,806567,4.17,624697,650767,6.27,1371281,1457334
1474,弘裕,-,17.74,172985,-7.72,220731,203686,-28.99,530473,376671
1475,業旺,-,-28.13,3117,-36.88,3549,2240,-43.42,9469,5357
1476,儒鴻,-,-21.44,2300958,12.17,1611278,1807489,2.03,4026579,4108447
1477,聚陽,-,-19.06,2092533,-18.38,2075192,1693577,-10.26,4219136,3786109
4414,如興,-,0.09,1327928,6.72,1245413,1329222,14.15,2327709,2657150
4426,利勤,-,17.82,126774,3.49,144333,149372,-31.28,401856,276146
4438,廣越,-,-26.62,727482,-12.29,608609,533774,-16.02,1502023,1261256
1503,士電,-,-34.91,2489575,-3.83,1684979,1620361,-5.27,4338843,4109936
1504,東元,-,-20.49,3799231,-11.42,3410332,3020654,-7.59,7380140,6819885
1506,正道,-,-15.4,84135,-12.26,81127,71173,-11.06,174631,155308
1507,永大,此為本公司自結數,-20.93,985190,-20.01,973781,778897,-15.8,2095187,1764087
1513,中興電,-,-14.06,1012380,18.38,734869,869977,4.04,1809164,1882357
1514,亞力,-,-6.75,384478,1.3,353895,358518,8.2,686653,742996
1515,力山,-,-8.38,503251,13.08,407704,461068,-32.52,1429229,964319
1517,利奇,-,-33.07,199773,-14.63,156619,133701,-27.82,462031,333474
1519,華城,二月累計較同期增加為一月外銷增加,-42.34,735811,1.46,418100,424239,76.97,655488,1160050
1526,日馳,-,4.05,74103,18.64,64987,77107,-2.43,154988,151210
1527,鑽全,-,4.38,274371,24.3,230397,286395,-6.78,601611,560766
1528,恩德,-,21.88,231176,7.94,261018,281766,-14.6,600636,512942
1529,樂士,"本期太陽能工程及台電器材營收均較去年同期多,故增幅高",-40.08,68676,1820.15,2143,41149,241.25,32183,109826
1530,亞崴,-,-6.06,178804,-17.15,202739,167960,-33.88,524523,346764
1531,高林股,"新冠肺炎疫情導致大陸地區封城延後復工,影響集團營運表現.",-41.54,113241,-54.36,145074,66199,-52.25,375832,179440
1532,勤美,-,-34.6,846719,-42.6,964707,553694,-35.41,2168257,1400413
1535,中宇,-,12.46,566085,-25.63,856147,636646,-35.4,1862041,1202731
1537,廣隆,-,6.72,519466,6.84,518881,554416,-15.01,1263592,1073882
1538,正峰,-,-49.76,23464,-35.92,18393,11786,-27.88,48878,35250
1539,巨庭,-,-38.35,164226,-28.98,142568,101242,-38.19,429516,265468
1540,喬福,-,-18.52,40196,-39.56,54190,32749,-30.54,105020,72945
1541,錩泰,-,-20.73,415373,39.59,235869,329264,27.74,582900,744637
1558,伸興,-,0.78,337493,27.55,266664,340150,-0.1,678386,677644
1560,中砂,-,4.28,395279,7.66,382857,412201,-2.09,824747,807480
1583,程泰,-,-24.9,334189,-37.7,402889,250973,-39.13,961438,585162
2049,上銀,-,17.19,1039231,-18.87,1501218,1217899,-28.76,3168740,2257130
2241,艾姆勒,係客戶需求增加,-1.69,68394,78.54,37658,67235,73.06,78367,135629
2371,大同,-,20.35,2515305,36.77,2213442,3027364,5.05,5275922,5542669
3167,大量,-,-33.54,114835,-28.86,107270,76311,-36.19,299597,191146
4526,東台,-,-24.49,604580,-46.2,848495,456479,-36.45,1669905,1061059
4532,瑞智,-,-35.7,1545582,-29.58,1411145,993717,-21.94,3253235,2539299
4540,全球傳動,-,105.23,95811,18.52,165896,196635,-8.7,320332,292446
4555,氣立,-,-27.17,84552,-17.35,74510,61576,-26.99,200170,146128
4562,穎漢,-,-10.95,54517,-33.56,73077,48547,-37.91,165994,103064
4564,元翎,-,81.56,117656,1.63,210177,213620,-32.04,487459,331276
4566,時碩工業,-,-10.07,325119,22.35,238948,292373,4.95,588354,617492
4572,駐龍,-,3.0,40109,-39.98,68840,41314,-44.98,148010,81423
4576,大銀微系統,去年二月適逢農曆春節假期，致營收較去年同期成長56.70%。,36.3,128944,56.69,112163,175757,12.46,270932,304701
8222,寶一,-,20.69,56655,11.88,61117,68381,-4.81,131359,125036
8374,羅昇,-,-12.22,174636,-11.88,173967,153294,-25.48,440077,327930
8996,高力,-,25.94,133622,-7.04,181041,168285,-20.78,381118,301907
1603,華電,"本公司產品為訂單式生產。營收增加主要係161KV電纜線98,345仟元、25KV尼龍16,299仟元、南紡案23,732仟元、國揚矽谷7,077仟元。",25.32,197104,203.17,81481,247028,86.55,238070,444132
1604,聲寶,-,-29.6,724844,18.39,430993,510285,5.19,1174158,1235129
1605,華新,-,-13.54,8063234,-28.42,9739782,6970984,-35.69,23378343,15034218
1608,華榮,-,-9.02,542860,9.38,451498,493882,-11.18,1167260,1036742
1609,大亞,-,-12.03,1203912,-4.34,1107153,1059078,-15.19,2668380,2262990
1611,中電,-,21.92,172810,37.86,152833,210706,1.14,379171,383516
1612,宏泰,主因為去年同期適逢春節基期較低，及受客戶訂單落點及轉單效應之影響。,50.32,287849,86.54,231959,432718,36.08,529494,720567
1614,三洋電,-,-19.13,443227,10.52,324276,358398,-3.89,834081,801625
1615,大山,-,-14.5,175644,-27.16,206188,150167,-18.33,398983,325811
1616,億泰,-,24.38,172405,27.84,167740,214446,7.43,360095,386851
1617,榮星,-,-14.51,196052,-3.09,172944,167591,-12.97,417880,363643
1618,合機,-,88.15,90271,15.03,147645,169846,-11.22,293010,260117
4930,燦星網,受新冠肺炎疫情影響使2月營收較同期減少,-60.27,748118,-52.96,631819,297198,-35.02,1608778,1045316
5283,禾聯碩,-,-1.86,345388,16.1,291935,338951,-4.41,715954,684339
1708,東鹼,-,-1.64,349300,20.67,284693,343547,30.34,531556,692847
1709,和益,-,7.05,771316,38.18,597558,825763,31.07,1218411,1597079
1710,東聯,無,6.06,1391398,-21.18,1872331,1475719,-31.68,4196703,2867117
1711,永光,-,11.04,661699,29.43,567679,734761,-4.87,1468076,1396460
1712,興農,-,-9.01,1528330,5.48,1318376,1390626,2.97,2834527,2918956
1713,國化,-,13.4,36808,4.64,39890,41743,-26.08,106273,78551
1714,和桐,-,-23.07,1815402,-3.19,1442651,1396515,-18.78,3954932,3211917
1717,長興,-,-12.79,2340333,-2.16,2086008,2040891,-20.19,5489674,4381224
1718,中纖,本月份自結異業別合併營收資訊，未經會計師簽證或核閱,-6.25,2679023,-21.24,3188768,2511454,-21.82,6639532,5190477
1721,三晃,-,15.82,251563,36.66,213202,291371,-4.46,568312,542934
1722,台肥,-,-0.75,959280,-17.75,1157498,952012,-24.98,2548035,1911293
1723,中碳,-,-6.47,554160,-11.32,584475,518292,-15.84,1274442,1072452
1724,台硝,-,-3.28,147704,-7.75,154861,142850,-4.63,304690,290554
1725,元禎,-,-28.38,619818,-33.49,667441,443891,-28.63,1490531,1063709
1726,永記,-,-10.81,654464,16.92,499212,583689,-4.11,1291267,1238153
1727,中華化,-,-0.5,161650,6.78,150611,160832,-11.91,366121,322482
1730,花仙子,-,-50.01,314995,-44.47,283550,157441,-34.03,716170,472436
1732,毛寶,-,-1.68,49183,22.0,39631,48352,-4.23,101849,97535
1735,日勝化,-,16.36,136916,-2.69,163744,159324,-26.46,402854,296240
1773,勝一,-,14.87,597684,33.95,512585,686613,15.48,1112138,1284297
1776,展宇,-,-7.71,113169,13.65,91896,104443,-13.69,252142,217612
3708,上緯投控,-,-45.18,370619,-30.05,290439,203138,-32.82,854128,573757
4720,德淵,-,-5.76,181383,11.76,152933,170920,-23.26,459099,352303
4722,國精化,-,15.22,249488,-12.63,329059,287466,-26.66,732212,536955
4725,信昌化,-,46.63,557473,17.3,696821,817427,-18.51,1687401,1374900
4739,康普,-,-21.67,524279,-7.64,444605,410636,-9.54,1033528,934915
4755,三福化,-,-3.46,287088,1.19,273866,277152,-12.0,641244,564240
4764,雙鍵,-,-44.3,198045,-49.41,218061,110302,-47.75,590188,308347
4766,南寶,-,3.15,1166696,25.59,958192,1203487,1.93,2325239,2370183
1598,岱宇,-,-7.81,434445,-12.79,459234,400473,-30.77,1206118,834918
1701,中化,-,-13.19,737281,34.16,477035,640025,1.39,1358410,1377306
1707,葡萄王,-,18.61,574728,44.39,472101,681703,2.27,1228532,1256431
1720,生達,因2019年2月適逢春節，以致2020年本月營收較2019年成長52.2%。,3.66,314869,52.2,214454,326403,8.84,589159,641272
1731,美吾華,本公司自109年起淡出低利潤之物流配送業務，聚焦高利潤之自有品牌產品業務拓展。,-32.47,107813,-3.92,75774,72801,-16.95,217501,180614
1733,五鼎,-,36.84,144401,44.83,136438,197604,0.06,341782,342005
1734,杏輝,適逢春節因素且延續去年業績成長及當月受新冠病毒疫情影響，相關產品與訂單增加,32.44,161834,66.51,128717,214339,9.82,342532,376173
1736,喬山,-,-0.61,1611021,3.09,1552995,1601078,-3.58,3334099,3214650
1760,寶齡富錦,-,104.56,80004,14.17,143335,163659,-2.68,250395,243663
1762,中化生,-,-58.14,136448,-27.41,78679,57109,-16.06,230613,193557
1783,和康生,-,6.34,23576,-6.76,26889,25071,-7.44,52560,48647
1786,科妍,-,-49.89,40009,-11.0,22526,20048,-11.49,67857,60057
1789,神隆,-,27.51,158856,-11.77,229596,202566,-33.54,543864,361422
1795,美時,-,-30.25,745428,-48.62,1011990,519923,-21.05,1602769,1265351
3164,景岳,-,-20.44,21655,-6.14,18355,17227,-11.38,43876,38882
3705,永信,-,-7.57,700996,40.31,461736,647895,13.15,1192035,1348891
4104,佳醫,-,9.58,557524,29.73,470899,610939,10.41,1058202,1168463
4106,雃博,-,-12.86,126523,-13.53,127506,110249,-22.31,304795,236772
4108,懷特,係因處方藥原料供應延遲，預計7月充分供應；其他黃耆保健品將陸續推出。,-2.19,3372,-52.77,6984,3298,-51.68,13806,6670
4119,旭富,-,-21.75,303367,8.54,218684,237366,26.63,427007,540733
4133,亞諾法,-,-16.07,33596,-4.71,29590,28196,-11.48,69811,61792
4142,國光生,累計營收較去年同期增加主要係因銷售國內四價流感所致。,-98.71,357241,-78.76,21643,4596,935.82,34932,361836
4155,訊映,因美國、非洲、歐洲客戶銷售成長及新客戶出貨所致,-31.28,147616,40.64,72125,101439,54.65,161039,249056
4164,承業醫,-,123.95,125594,47.31,190925,281268,13.22,359337,406862
4737,華廣,109年2月營收較去年同期增加64.31%，主係因今年客戶下單原由1月延至2月所致，若以YOY來看，年度增加比例僅為13.43%。,68.43,91540,64.31,93837,154186,13.43,216625,245726
4746,台耀,-,8.63,179111,3.35,188263,194573,-14.69,438057,373684
6491,晶碩,-,-10.57,249453,-4.11,232645,223071,-7.58,511332,472524
1802,台玻,-,-28.02,2328821,-16.07,1997383,1676285,-26.17,5425199,4005106
1806,冠軍,-,-25.34,206872,8.9,141802,154436,-13.55,417945,361308
1809,中釉,-,-36.9,186180,26.82,92619,117468,3.06,294621,303648
1810,和成,-,13.17,330885,20.15,311660,374465,-3.4,730191,705350
1817,凱撒衛,本月增減百分比達50%以上係因兩年度農曆春節月份差異所致。,0.05,138504,64.49,84246,138584,-6.82,297386,277088
1903,士紙,-,14.87,11925,17.45,11663,13699,-24.72,34039,25624
1904,正隆,-,7.94,2769466,17.89,2535812,2989541,-4.65,6039905,5759008
1905,華紙,-,4.98,1359253,-1.5,1448932,1427073,-17.55,3379797,2786326
1906,寶隆,-,101.28,89196,20.12,149464,179541,-4.49,281393,268737
1907,永豐餘,-,-1.46,4981539,9.58,4479263,4908635,-9.73,10957259,9890174
1909,榮成,受大陸新冠肺炎疫情影響，本公司之大陸子公司配合當地政府防疫要求展延復工，致使營收較去年同期減少。,-51.17,3049782,-51.47,3068908,1489095,-38.69,7404305,4538877
2002,中鋼,-,8.12,24103044,-4.23,27212442,26060991,-20.73,63290253,50164035
2006,東和鋼鐵,-,16.7,2724791,2.51,3102103,3180071,-15.49,6987297,5904349
2007,燁興,-,17.61,454337,-1.04,539989,534355,-20.93,1250500,988693
2008,高興昌,-,-4.61,74539,-38.02,114718,71100,-43.44,257540,145639
2009,第一銅,-,17.46,151605,10.46,161207,178078,-8.77,361401,329683
2010,春源,-,-0.01,1301856,22.3,1064220,1301620,4.96,2480267,2603476
2012,春雨,-,-12.0,628893,-2.4,567076,553424,-15.59,1400810,1182317
2013,中鋼構,-,-3.35,965765,-27.96,1295739,933335,-37.95,3060876,1899100
2014,中鴻,-,-3.17,3474214,0.6,3343779,3363980,-8.12,7442639,6838194
2015,豐興,-,58.1,1570644,49.98,1655722,2483310,-10.28,4518642,4053954
2017,官田鋼,-,24.1,225708,-15.92,333185,280118,-25.33,677491,505826
2020,美亞,108年2月適逢中國農曆年節，故去年公布2月年營收減少較多。,33.69,337448,77.14,254680,451164,28.67,612863,788621
2022,聚亨,-,-19.43,862248,-24.75,923190,694652,-25.28,2083725,1556900
2023,燁輝,-,-3.13,3741294,-28.01,5034644,3624072,-23.13,9582016,7365366
2024,志聯,-,45.0,72494,33.58,78694,105122,-9.28,195791,177617
2025,千興,本月營收較去年同期減少，客戶觀望態度較為強烈。,-40.42,93246,-52.64,117316,55553,-34.7,227871,148799
2027,大成鋼,-,-10.7,5791299,-20.93,6540844,5171552,-23.06,14250141,10962851
2028,威致,-,21.03,512592,19.52,519038,620405,-32.61,1681287,1132997
2029,盛餘,-,-0.85,804253,13.55,702183,797389,7.84,1485179,1601642
2030,彰源,-,19.2,641034,2.07,748621,764163,-23.42,1834979,1405197
2031,新光鋼,-,7.45,666556,11.13,644497,716266,6.68,1296188,1382822
2032,新鋼,-,8.7,228084,38.53,178966,247933,3.79,458613,476017
2033,佳大,-,14.05,54810,9.19,57249,62511,-11.03,131870,117321
2034,允強,-,29.26,1052001,41.85,958618,1359852,-5.58,2554513,2411853
2038,海光,-,36.68,472956,15.85,557953,646442,-16.56,1341606,1119399
2069,運錩,-,-6.43,496122,2.22,454092,464213,-20.95,1214992,960335
3004,豐達科,-,-4.15,223618,1.23,211714,214325,2.49,427284,437943
5007,三星,-,0.9,481014,1.19,479644,485385,-22.12,1241012,966399
9958,世紀鋼,本月及本年增加百分比達50%以上，主因風力事業陸續投產，影響收入較同期增加,40.82,331666,283.49,121790,467060,260.31,221675,798726
2101,南港,"本公告係屬自結數,與會計師所出具之財報因匯率之故將存有略微差異,屆時請以財報為準.",-7.76,801264,-10.22,823210,739007,-10.22,1715766,1540271
2102,泰豐,-,21.58,358597,30.2,334856,436011,8.01,735626,794608
2103,台橡,-,-11.36,2210251,-14.55,2292545,1958959,-15.66,4943434,4169210
2104,國際中橡,-,-0.11,1470263,-18.56,1803292,1468561,-25.99,3971242,2938824
2105,正新,無。,-33.71,6932650,-35.08,7078908,4595321,-30.94,16694457,11527971
2106,建大,-,-27.65,2333395,-19.0,2084417,1688195,-15.34,4750372,4021590
2107,厚生,-,-47.5,313471,13.53,144949,164564,34.4,355677,478035
2108,南帝,-,-15.89,914258,-14.06,894723,768911,-18.12,2055741,1683169
2109,華豐,-,3.1,378175,10.28,353549,389900,-0.93,775305,768075
2114,鑫永銓,-,35.03,105473,40.11,101655,142429,-1.9,252710,247902
6582,申豐,-,16.62,251160,39.93,209325,292921,0.76,539977,544081
1319,東陽,-,4.21,1559320,14.83,1415045,1624986,-4.57,3336836,3184306
1339,昭輝,-,-9.7,168854,-1.93,155473,152461,-20.35,403231,321172
1512,瑞利,-,-50.89,158088,-36.3,121886,77633,-4.6,247096,235721
1521,大億,-,51.3,323875,40.76,348139,490043,6.91,761273,813918
1522,堤維西,-,-3.85,1305764,3.48,1213168,1255449,-8.57,2801401,2561213
1524,耿鼎,-,20.29,159821,29.3,148681,192249,-7.47,380510,352070
1525,江申,受新型冠狀肺炎疫情影響，車廠訂單減少,-38.68,71484,-62.58,117145,43827,-46.73,216474,115311
1533,車王電,-,-22.37,226107,5.5,166357,175521,-3.81,417546,401628
1536,和大,-,-12.76,516966,8.05,417342,450968,-0.95,977305,967934
1568,倉佑,-,-17.73,137587,-13.0,130094,113180,-12.61,286970,250767
1587,吉茂,-,-26.16,128019,11.74,84588,94524,10.27,201808,222543
2201,裕隆,-,-30.25,6815762,-11.5,5371135,4753356,-17.24,13980467,11569118
2204,中華,-,-47.03,3496345,-16.45,2216314,1851685,-9.29,5896237,5348030
2206,三陽工業,-,-10.11,2727827,19.44,2052791,2451941,3.83,4988375,5179768
2207,和泰車,主係去年同期適逢農曆春節年假，工作天數較少。,-26.09,21382644,69.33,9332395,15802623,40.1,26540204,37185267
2227,裕日車,-,-0.84,2462964,28.82,1895719,2442199,-19.27,6076112,4905164
2228,劍麟,-,-26.22,336678,-23.22,323503,248372,-17.86,712328,585050
2231,為升,-,-13.3,315631,2.67,266504,273642,-5.94,626523,589273
2233,宇隆,-,-12.58,195155,0.97,168937,170587,-8.7,400597,365742
2247,汎德永業,本月新車交車數量成長,-21.68,2701135,53.33,1379609,2115419,-3.03,4967464,4816554
2497,怡利電,-,-13.31,163987,-0.8,143315,142160,-3.48,317217,306147
3346,麗清,無,-45.17,344607,-44.34,339473,188919,-19.57,663388,533527
4551,智伸科,-,-25.95,351601,-15.52,308192,260341,-15.04,720348,611942
6288,聯嘉,-,-4.55,321461,-7.15,330476,306818,-1.75,639526,628279
6605,帝寶,-,-11.88,1364403,6.01,1133959,1202216,-2.98,2645460,2566619
2302,麗正,-,-25.95,37024,4.81,26156,27416,-11.24,72601,64440
2303,聯電,-,-3.43,14091018,30.05,10461743,13606421,24.44,22257220,27697439
2329,華泰,-,11.61,1102468,5.2,1169628,1230547,-7.55,2523640,2333015
2330,台積電,因客戶需求增加所致。,-9.92,103683135,53.38,60889055,93394449,41.79,138982882,197077584
2337,旺宏,2020年二月較去年同期營收成長54%，主要係因客戶需求增加，而使銷貨較去年同期成長。,0.76,2755885,53.87,1804688,2777033,36.12,4064685,5532918
2338,光罩,本公司合併美祿/威達/群豐之營收,34.77,301560,77.06,229533,406426,48.0,478363,707986
2342,茂矽,-,-12.64,139331,2.72,118481,121714,3.12,253126,261045
2344,華邦電,-,1.16,3682717,13.72,3275804,3725519,3.57,7152596,7408236
2351,順德,-,-10.89,647114,-7.55,623787,576634,-17.33,1480427,1223748
2363,矽統,-,4.17,8165,-18.51,10439,8506,-37.66,26745,16671
2369,菱生,主要係訂單回穩,20.23,366319,55.42,283373,440430,25.71,641735,806749
2379,瑞昱,無,-5.24,5390129,38.89,3677246,5107522,25.86,8340137,10497651
2388,威盛,-,-21.38,496985,19.32,327422,390695,17.42,755981,887679
2401,凌陽,-,3.53,297541,-4.07,321163,308072,-15.03,712784,605613
2408,南亞科,-,1.39,4500238,34.41,3394786,4563039,18.42,7653013,9063277
2434,統懋,-,-36.69,10142,-36.27,10074,6420,-38.37,26877,16562
2436,偉詮電,-,21.41,118033,13.06,126742,143307,-19.09,323015,261340
2441,超豐,108年春節假期落在2月，工作天數較少，且半導體景氣不佳，故基期偏低。從108年第三季開始，客戶需求回溫。,6.7,1014042,52.17,711072,1082062,30.68,1603910,2096104
2449,京元電子,-,-2.74,2286708,38.07,1610631,2223870,31.87,3420226,4510578
2451,創見,-,5.55,1069559,3.87,1086761,1128924,-10.55,2457899,2198483
2454,聯發科,海外子公司之營收係以當月平均匯率換算之,-8.05,19817777,28.66,14161182,18220837,25.11,30403228,38038614
2458,義隆,-,-32.82,738588,-2.51,508929,496117,-2.84,1270814,1234705
2481,強茂,"本月營收淨額含二極體$553,077仟元及其他$13,571仟元，減銷退/折$9,061仟元。",-21.23,707938,1.35,550115,557587,-2.03,1291817,1265525
3006,晶豪科,-,27.18,973925,49.94,826070,1238689,28.21,1725664,2212614
3014,聯陽,-,-35.89,319644,9.33,187431,204919,5.68,496334,524563
3016,嘉晶,-,3.66,326839,1.77,332903,338809,-2.92,685719,665647
3034,聯詠,-,-2.83,5619245,18.27,4616286,5459987,13.81,9734790,11079232
3035,智原,-,-1.56,413589,23.72,329052,407108,18.25,693998,820697
3041,揚智,-,59.11,130328,16.62,177801,207367,-19.53,419698,337695
3054,立萬利,受市場需求增加及產品調整等影響，致本期營收較去年同期大幅增加。,808.26,6403,902.17,5803,58156,323.97,15227,64559
3094,聯傑,-,-26.81,17838,-13.42,15078,13054,0.32,30793,30892
3189,景碩,108年2月工作天數較少,-4.01,1888752,56.21,1160504,1812898,12.76,3282673,3701650
3257,虹冠電,-,-56.64,70258,-11.06,34247,30459,40.1,71888,100717
3413,京鼎,-,-24.89,688553,20.67,428549,517144,13.46,1062595,1205697
3443,創意,-,26.03,871366,43.21,766888,1098267,18.96,1655678,1969633
3530,晶相光,因監控系列產品營收較去年同期大幅成長所致。,-11.61,180575,150.42,63736,159608,90.99,178115,340183
3532,台勝科,-,11.35,912202,0.9,1006606,1015751,-18.84,2375626,1927953
3536,誠創,"因本月整流器營收下滑,致營收較去年衰退",-19.47,31086,-43.03,43942,25031,-60.61,142488,56117
3545,敦泰,去年同期因晶圓代工產能短缺導致產品出貨受阻,7.94,845388,111.33,431829,912596,92.32,914082,1757985
3583,辛耘,-,-28.9,235752,-28.56,234649,167614,-35.83,628629,403366
3588,通嘉,-,-5.26,95450,25.37,72125,90424,18.9,156316,185875
3686,達能,因太陽能產業鏈需求與價格持續低迷，本公司大幅減少出貨，避免落入販售越多虧損越多的窘境，營收因此下滑。,0.69,8734,-56.32,20136,8795,-57.2,40965,17529
3711,日月光投控,-,-10.21,31337455,7.22,26239644,28135554,0.29,59295417,59473009
4919,新唐,-,-9.31,700026,8.6,584512,634815,9.1,1223434,1334841
4952,凌通,-,25.06,120247,5.4,142677,150392,-8.63,296211,270634
4961,天鈺,-,-7.17,688564,24.35,513960,639157,1.02,1314235,1327722
4967,十銓,-,0.47,439406,-8.94,484879,441484,-17.82,1071985,880890
4968,立積,因客戶需求回穩,0.03,265178,130.57,115054,265281,92.73,275225,530460
5269,祥碩,本年營收較去年增加主係因客戶需求量增加所致。,115.9,279824,177.41,217775,604143,22.63,720831,883967
5285,界霖,-,-7.27,318399,-6.8,316802,295250,-14.42,717129,613649
5471,松翰,-,23.79,170651,36.17,155136,211255,4.45,365619,381906
6202,盛群,-,22.54,268934,36.43,241563,329567,-8.83,656518,598501
6239,力成,-,-7.07,6340587,35.72,4340940,5891693,28.57,9513623,12232280
6243,迅杰,-,-13.28,35850,-0.75,31321,31086,-12.13,76184,66936
6257,矽格,-,0.21,849748,47.81,576134,851584,42.91,1190474,1701332
6271,同欣電,-,1.58,631108,35.09,474562,641105,19.22,1067097,1272213
6531,愛普,-,-2.67,250006,36.82,177844,243329,7.91,457164,493335
6533,晶心科,因矽智財技術服務及權利金收入增加，故本月收入提升,111.5,26991,91.57,29798,57086,49.12,56380,84077
6552,易華電,-,14.96,163011,-18.62,230310,187405,-27.06,480431,350416
8016,矽創,-,-14.73,1053042,36.49,657782,897852,23.62,1578054,1950894
8028,昇陽半導體,-,14.05,187911,19.83,178842,214313,6.22,378638,402224
8081,致新,個體及合併營收成長,3.3,481333,65.79,299924,497247,36.23,718307,978580
8110,華東,-,-5.32,520804,-1.98,503077,493093,-8.23,1104911,1013897
8131,福懋科,-,-3.34,874278,25.66,672459,845071,24.07,1385704,1719349
8150,南茂,-,8.96,1732334,42.09,1328454,1887632,25.76,2878378,3619966
8261,富鼎,-,-16.57,186154,19.42,130034,155295,8.58,314454,341449
8271,宇瞻,-,13.57,583060,30.7,506644,662213,-5.0,1310949,1245273
2301,光寶科,-,-23.37,11314389,-20.26,10873799,8669987,-24.53,26481241,19984376
2305,全友,因新冠肺炎疫情影響大陸地區子公司銷售,-67.11,30898,-58.59,24536,10160,-33.77,61996,41058
2324,仁寶,-,-36.03,61766224,-27.3,54351462,39510198,-18.63,124473794,101276422
2331,精英,主要受大陸新冠病毒疫情影響，本公司之大陸子公司配合當地政府防疫要求展延復工所致。,-77.4,1967745,-69.24,1445564,444544,-32.81,3590778,2412289
2352,佳世達,-,-19.77,13652452,1.59,10780710,10952166,-3.06,25382513,24604618
2353,宏��,-,-17.13,13553085,-22.38,14468978,11230756,-20.37,31127112,24783841
2356,英業達,-,-40.77,29378879,-33.11,26016571,17400627,-34.56,71489681,46779506
2357,華碩,"以上申報之合併營收已排除停業單位營收。109年02月及108年02月累計合併營收(含停業單位)為45,199,133仟元及52,874,921仟元。",-8.26,23201678,-1.15,21533981,21284856,-6.73,47696940,44486533
2362,藍天,-,-41.19,1211283,-49.74,1417270,712305,-35.79,2995816,1923588
2364,倫飛,客戶專案出貨增加，致本月營收上升。,-5.16,54404,51.77,33993,51594,19.13,88976,105998
2365,昆盈,-,-74.76,152946,-49.33,76185,38598,-13.41,221226,191544
2376,技嘉,-,-25.36,6254698,22.35,3815556,4668398,19.01,9177648,10923096
2377,微星,-,-19.23,10065900,-1.41,8246480,8129812,-4.63,19080067,18195712
2380,虹光,-,-11.05,94856,-16.47,101014,84369,-25.65,240980,179155
2382,廣達,-,-21.86,62958366,-21.74,62862271,49194067,-24.11,147787483,112152433
2387,精元,-,-13.69,696417,7.51,559041,601052,-6.62,1389518,1297469
2395,研華,-,-18.49,3964219,-9.5,3570476,3231064,-7.12,7747244,7195283
2397,友通,主係因新增合併子公司其陽及羅昇營業收入淨額，致使本月營業收入增幅百分比達50%以上。,-22.09,745070,63.34,355333,580435,43.93,920921,1325505
2399,映泰,-,-7.57,160105,-1.87,150793,147971,-11.35,347536,308076
2405,浩鑫,-,-10.35,175589,-32.79,234203,157398,-31.86,488686,332987
2417,圓剛,-,4.48,184349,-3.54,199696,192614,-11.8,427401,376963
2424,隴華,本月增加因本月出貨天線1套，去年同期無出貨,-19.83,1417,37766.66,3,1136,530.37,405,2553
2425,承啟,2月營收較同期減少主係受新冠狀肺炎疫情之影響，2月營收相較同期減少。,-63.38,173330,-71.33,221417,63465,-48.08,456126,236795
2442,新美齊,"本年累計較去年同期減少,主係車用電子產品營收下滑",-27.73,291524,-15.3,248715,210661,-23.37,655361,502185
2465,麗臺,-,19.91,218958,-12.18,298990,262568,-12.34,549368,481526
3002,歐格,去年2月逢農曆春節，出貨減少,-44.73,58727,65.69,19589,32458,-6.27,97285,91185
3005,神基,-,-26.11,1978770,-13.32,1686754,1462062,-8.16,3746920,3440832
3013,晟銘電,-,-34.27,426141,-9.17,308351,280064,-21.74,902463,706205
3017,奇鋐,-,-33.09,3157840,5.52,2001941,2112601,18.63,4442545,5270441
3022,威強電,-,-35.3,382736,-21.84,316824,247603,-32.69,936528,630339
3046,建��,因中國廠區受到新型冠狀肺炎疫情影響延遲復工，致2月營收較去年同期減少,-62.95,124829,-60.11,115961,46246,-40.75,288738,171076
3057,喬鼎,-,8.55,95459,16.38,89037,103628,3.56,192241,199088
3060,銘異,-,-7.31,375375,-19.69,433258,347914,-25.82,975056,723289
3231,緯創,-,-25.83,60489120,-21.08,56850489,44862598,-20.54,132586034,105351718
3416,融程電,-,14.17,101213,-2.88,118998,115564,-18.55,266159,216777
3494,誠研,-,-26.09,67272,-34.85,76324,49719,-24.14,154227,116991
3515,華擎,"“本年累計營業收入淨額”採年平均匯率計算,“本月營業收入淨額”採該月平均匯率計算,故累計營收淨額與各月營收淨額加總會有差異",-25.59,1410743,23.49,850043,1049725,33.02,1849930,2460813
3701,大眾控,-,-18.73,456456,-24.34,490323,370950,-28.04,1149856,827406
3706,神達,-,-18.51,3099517,10.33,2289035,2525712,12.37,5005882,5625229
3712,永崴投控,-,-33.67,568594,-26.78,515030,377097,-29.83,1347780,945691
4916,事欣科,-,17.05,468063,13.33,483406,547889,-5.36,1073530,1015952
4938,和碩,無,-14.47,95653396,0.19,81645017,81804451,-13.12,204279133,177457846
5258,虹堡,-,-21.12,330018,44.28,180407,260307,33.58,441915,590325
6117,迎廣,108年2月適逢春節。,-5.84,173889,59.96,102347,163718,17.59,287101,337607
6128,上福,-,-8.8,465036,-19.24,525162,424101,-20.38,1116770,889137
6166,凌華,-,28.47,624381,20.88,663589,802167,-12.38,1628164,1426548
6172,互億,2月部分訂單延後出貨,-50.92,31229,-52.73,32428,15326,-44.86,84498,46592
6206,飛捷,-,-16.96,462320,7.18,358154,383893,-7.55,915359,846213
6230,超眾,-,-38.01,598892,-24.09,489102,371236,-20.85,1225747,970129
6235,華孚,主要係因受新型冠狀病毒影響延遲復工所致。,-33.23,172232,-50.76,233542,114991,-43.43,507734,287223
6277,宏正,-,0.15,378730,5.38,359941,379322,2.31,740906,758052
6414,樺漢,-,-15.28,6132514,2.32,5077168,5195301,-0.4,11374076,11327815
6579,研揚,-,1.23,462940,36.11,344296,468637,8.0,862520,931577
6669,緯穎,-,-4.53,12421637,6.29,11155782,11857759,-8.02,26398403,24279396
8114,振樺電,-,8.06,576175,-4.07,649108,622630,-17.5,1453098,1198805
8163,達方,-,-21.96,1379971,-0.79,1085504,1076841,-6.31,2622285,2456812
8210,勤誠,-,-31.29,464809,-17.11,385262,319325,-21.59,1000051,784134
9912,偉聯,-,37.07,33140,-10.72,50883,45425,-14.81,92226,78565
2323,中環,因109年增加Verbatim品牌業務之事業體，故109年併入其營收。,-12.48,956350,62.25,515837,836949,49.73,1197663,1793299
2340,光磊,-,-14.56,404554,18.98,290474,345628,4.59,717200,750182
2349,錸德,-,-3.59,513459,-7.57,535562,495011,-23.66,1321149,1008470
2374,佳能,2020年2月與去年同期差異達50%以上說明：1.安控產品客戶出貨量下修。2.消費型數位相機出貨持續萎縮。,-25.65,237097,-60.83,450083,176273,-66.04,1217314,413370
2393,億光,-,-29.39,1607148,-14.38,1325420,1134767,-17.3,3315838,2741915
2406,國碩,-,-11.7,720880,29.0,493350,636467,-2.06,1385986,1357347
2409,友達,-,14.18,15491047,-14.88,20782924,17688726,-21.59,42315745,33179773
2426,鼎元,-,-13.49,167147,-6.14,154068,144595,-15.31,368128,311742
2438,翔耀,-,60.84,23185,17.07,31853,37291,-10.51,67586,60476
2448,晶電,-,8.87,970179,-0.42,1060852,1056317,-12.98,2328797,2026496
2466,冠西電,主係去年同期之機上盒收入較本期減少所致,-21.31,51196,-80.58,207513,40282,-80.8,476483,91478
2486,一詮,-,-33.15,287007,-13.52,221864,191854,-10.45,534784,478861
2489,瑞軒,-,-36.03,1176427,30.1,578418,752527,12.87,1708961,1928954
2491,吉祥全,-,-35.22,27795,-13.51,20817,18003,-24.14,60379,45798
3008,大立光,-,-10.63,4110169,44.72,2537932,3672912,31.88,5897606,7777903
3019,亞光,-,-23.76,1007863,-30.47,1105213,768359,-31.65,2598949,1776222
3024,憶聲,-,-17.89,96609,21.04,65532,79322,-17.52,213325,175931
3031,佰鴻,-,-7.91,73938,-8.05,74054,68086,-35.72,220952,142024
3038,全台,-,-17.06,294475,3.02,237053,244214,-6.09,573636,538689
3049,和鑫,-,-20.23,329996,4.63,251553,263213,25.84,471397,593209
3050,鈺德,108年9月26日子公司厚聚能源開發取得錸洋科技股權，經由會計師事務所重編107年及108年合併報表 ，因此更新合併後相關營收數。,12.56,76483,24.99,68879,86093,9.54,148415,162576
3051,力特,-,-0.77,180558,4.64,171201,179155,-4.15,375296,359713
3059,華晶科,-,-22.18,421600,-26.65,447267,328057,-37.46,1198793,749657
3149,正達,2020年2月營收較去年同期減少50.85%原因，主係新冠肺炎疫情影響，導致營收銳減。,-23.9,130994,-42.74,174107,99685,-50.85,469369,230679
3356,奇偶,-,24.02,99649,13.49,108895,123587,-4.29,233255,223237
3383,新世紀,-,-41.4,56647,-33.95,50261,33194,-11.44,101449,89842
3406,玉晶光,因客戶需求較去年同期增加，致使公司本月營收優於去年同期。,-29.34,981350,214.7,220329,693377,159.16,646213,1674728
3437,榮創,客戶需求變化,-3.74,326722,52.16,206659,314470,9.23,587010,641192
3454,晶睿,-,0.96,492617,13.4,438596,497374,-8.38,1080621,989991
3481,群創,-,-14.77,16581800,-22.09,18141750,14132474,-21.94,39350033,30714274
3504,揚明光,主要係部份產品收入改以淨額法認列及受新冠病毒疫情影響，大陸子公司工作天數與可上工人數減少，造成產能及出貨減少。,-33.61,241365,-51.58,330906,160221,-45.39,735463,401586
3535,晶彩科,本公司以銷售機台為主，109年02月出售機台較去年同期減少，此為產業特性，尚屬正常。,29.44,69403,-71.03,310143,89836,-67.1,484054,159239
3543,州巧,-,-13.57,226114,11.71,174937,195430,-7.09,453756,421544
3563,牧德,-,5.38,210983,4.74,212280,222348,3.52,418587,433331
3576,聯合再生,-,57.72,690086,-28.41,1520403,1088432,-31.7,2604121,1778519
3591,艾笛森,-,-19.14,130232,-43.22,185469,105302,-47.39,447762,235534
3622,洋華,-,-34.04,51050,3.89,32408,33671,-14.98,99650,84721
3669,圓展,-,7.01,130571,0.99,138351,139729,-10.08,300614,270300
3698,隆達,-,-27.86,613215,-27.62,611233,442362,-27.85,1463072,1055577
4934,太極,-,-4.15,172021,-5.55,174560,164867,4.1,323616,336888
4942,嘉彰,-,-35.75,491571,-46.76,593211,315805,-33.86,1220806,807376
4956,光鋐,-,-7.72,77878,-19.64,89424,71860,-13.52,173151,149738
4960,誠美材,"108年12月後,原重要子公司昆山之奇美材料科技有限公司改列為轉投資公司,故其營業收入無須再併入本公司營收合併申報。",-22.89,652800,-56.86,1166891,503326,-55.74,2612554,1156126
4976,佳凌,-,-7.36,75724,-15.89,83403,70146,-31.94,214354,145870
5234,達興材料,-,-0.71,363210,7.25,336214,360596,-2.38,741488,723806
5484,慧友,-,1.21,20468,-16.4,24782,20717,-22.6,53213,41185
6116,彩晶,-,-8.43,1104346,14.78,880939,1011176,2.88,2056218,2115522
6120,達運,-,-24.75,977917,-44.2,1318757,735823,-39.13,2815649,1713740
6131,鈞泰,持股淨值變動,-226.4,-462,-148.47,3111,-1508,-146.33,4254,-1971
6164,華興,-,-50.07,76969,-15.68,45569,38423,-20.02,144284,115392
6168,宏齊,-,0.18,204679,1.59,201829,205049,-1.4,415549,409728
6176,瑞儀,因受武漢肺炎疫情影響，子公司配合當地政府延長春節假期，致工作天數減少，影響本公司營收結果較去年同期減少。,-50.58,3482446,-56.56,3962570,1721009,-45.62,9569357,5203455
6209,今國光,-,-17.54,186566,-11.69,174223,153840,-33.23,509873,340406
6225,天瀚,-,-16.23,573,-24.17,633,480,-44.04,1882,1053
6226,光鼎,-,-38.57,55684,-45.26,62495,34204,-32.92,134005,89888
6278,台表科,-,-13.66,2810024,3.63,2340948,2426084,-7.87,5683887,5236108
6289,華上,-,32.02,4475,-42.23,10227,5908,-48.74,20259,10383
6405,悅城,-,11.33,24900,-15.72,32894,27723,-23.91,69163,52623
6443,元晶,-,-0.44,314305,-20.9,395621,312900,-17.33,758726,627205
6477,安集,本月模組銷售量較去年同期減少，故整體合併營收下降。,48.38,46669,-40.99,117373,69252,-53.37,248616,115921
6668,中揚光,訂單增加，營收成長,41.91,99420,138.73,59101,141092,81.31,132648,240512
6706,惠特,-,4.7,293821,37.22,224194,307645,6.1,566844,601466
8104,錸寶,主要係因中國後段模組廠受新型冠狀病毒影響延遲復工所致。,-43.0,94555,-64.21,150624,53896,-55.1,330698,148451
8105,凌巨,-,-19.05,558850,0.62,449573,452380,-14.06,1176783,1011230
8215,明基材,-,-11.64,1084535,-11.78,1086283,958290,-10.02,2270495,2042825
2314,台揚,本公司之大陸子公司於2月10日如期開工，但其上游供應鏈之部分廠商無法如期復工，導致原物料短缺，營收減少。,-44.74,374659,-59.75,514393,207031,-50.89,1185077,581902
2321,東訊,-,-12.49,85799,-38.42,121932,75078,-43.41,284292,160877
2332,友訊,-,5.04,1180303,-6.14,1321117,1239894,-8.39,2641924,2420197
2345,智邦,-,-7.52,3674679,17.85,2883249,3397996,4.63,6759385,7072675
2412,中華電,-,-4.9,16696282,-3.87,16518734,15877867,-4.61,34148445,32574150
2419,仲琦,因肺炎疫情影響，客戶拉貨需求調整,-28.08,466414,-72.15,1204784,335433,-57.7,1896036,801847
2439,美律,-,-61.68,1853159,-45.86,1311738,710110,-39.41,4230678,2563269
2444,兆勁,本公司穩健原有的網通事業外，亦積極拓展記憶體事業部業務，故致營收較去年成長,-0.09,143016,83.41,77899,142875,61.28,177253,285891
2450,神腦,-,-5.67,2422784,-1.92,2330196,2285249,-7.59,5095195,4708033
2455,全新,客戶需求增加,-4.1,217250,52.76,136370,208324,52.41,279225,425574
2485,兆赫,-,-0.49,365560,-8.79,398813,363745,-32.22,1076131,729305
2498,宏達電,-,-12.37,478357,-32.95,625193,419146,-44.96,1630874,897503
3025,星通,海外客戶需求較去年增加,-51.59,76447,30.87,28273,37003,114.16,52974,113450
3027,盛達,-,23.44,44983,-2.07,56704,55529,-7.09,108187,100512
3045,台灣大,-,-2.41,10805501,11.81,9430726,10544639,7.05,19943403,21350140
3047,訊舟,-,-12.08,381448,-16.17,400073,335347,-29.44,1016001,716795
3062,建漢,因武漢肺炎影響，本公司大陸廠區延至2/19日才陸續復工，故造成今年2月營收較去年同期減少。,-42.11,347337,-51.0,410325,201057,-49.87,1094024,548394
3311,閎暉,-,-32.23,182307,-20.91,156198,123536,-19.75,381149,305843
3380,明泰,-,-36.38,1643660,15.81,902877,1045653,34.79,1995164,2689313
3419,譁裕,-,-52.68,118708,-32.3,82966,56164,-21.48,222728,174872
3596,智易,-,-25.03,2656331,-25.23,2663610,1991316,-25.39,6229944,4647647
3682,亞太電,-,-7.43,1157329,-2.27,1096227,1071327,-3.97,2320932,2228656
3694,海華,-,-1.77,383960,5.69,356806,377128,-18.75,936749,761088
3704,合勤控,本月營收較去年同期減少，主係本月寬頻接取及光纖設備產品出貨減少。,-27.63,1460795,-50.11,2119135,1057066,-44.36,4525541,2517861
4904,遠傳,-,-8.65,6819232,-4.48,6521560,6229272,-5.49,13807859,13048504
4906,正文,因武漢肺炎停工，且復工尚未完全恢復。,-51.06,944226,-55.63,1041661,462085,-47.24,2665931,1406311
5388,中磊,-,5.92,2129587,21.23,1860687,2255788,3.1,4253267,4385375
6136,富爾特,-,-52.36,86080,-45.61,75397,41003,-21.5,161899,127083
6142,友勁,-,-43.58,208504,-7.34,126945,117625,-29.84,464898,326129
6152,百一,客戶需求減少及工作天期減少所致,-41.79,156951,-34.79,140095,91348,-55.07,552695,248299
6216,居易,-,107.57,39748,40.11,58884,82505,-0.21,122519,122253
6285,啟��,-,-26.67,4907168,-5.9,3824325,3598412,-2.39,8714654,8505580
6416,瑞祺電通,因新增合併兩家子公司營業收入淨額，致使本年累計營收增幅百分比達50%以上。,-23.48,448734,47.59,232617,343337,52.23,520302,792071
6442,光聖,-,6.51,172075,35.93,134833,183288,-20.5,447020,355363
6674,鋐寶科技,-,-13.68,191098,-31.79,241827,164950,-25.31,476738,356048
8011,台通,-,35.85,87154,30.35,90833,118407,-10.32,229220,205561
8101,華冠,去年本月實際工作日較少，而本月客戶出貨量調整，故營收較去年本月增加，但較去年同期累計營收衰退。,-54.17,171112,102.04,38809,78413,-41.66,427722,249525
1471,首利,本月營收較去年同期減少，主要係因為受新型冠狀病毒疫情影響，致今年二月份工作天數少所致。,-79.77,49182,-76.03,41490,9945,-72.85,217846,59127
1582,信錦,-,-53.29,562207,-46.64,492191,262595,-35.42,1277322,824802
2059,川湖,-,10.1,347704,34.07,285556,382847,-0.62,735127,730551
2308,台達電,-,-21.03,19330593,0.7,15156604,15264060,1.93,33939292,34594653
2313,華通,-,-20.02,4045829,17.94,2743389,3235628,7.72,6759546,7281457
2316,楠梓電,-,-18.58,348110,-4.33,296251,283411,-15.48,747247,631521
2327,國巨,-,-18.72,3301746,-13.45,3100543,2683455,-24.0,7875504,5985201
2328,廣宇,-,-14.69,1624049,-5.03,1458865,1385378,-12.75,3449393,3009427
2355,敬鵬,-,-5.6,1392123,3.8,1265957,1314109,-13.76,3138264,2706232
2367,燿華,-,-26.36,1435268,-9.62,1169409,1056811,-19.72,3104548,2492079
2368,金像電,-,15.47,1445719,48.72,1122486,1669437,9.92,2833860,3115156
2375,凱美,-,-29.2,302568,-20.06,267966,214192,-25.88,697256,516760
2383,台光電,-,-9.58,1964414,26.89,1399657,1776101,15.34,3242878,3740516
2385,群光,-,-31.28,6228700,-13.61,4954893,4280190,-13.02,12083108,10508890
2392,正崴,-,-41.04,6162048,-20.89,4592281,3632766,-23.65,12830205,9794814
2402,毅嘉,-,-42.86,392480,-40.54,377157,224251,-32.77,917449,616731
2413,環科,-,-18.06,246452,-3.35,208938,201936,-29.57,636658,448388
2415,錩新,-,-22.69,180862,9.36,127834,139811,-5.99,341140,320673
2420,新巨,-,-13.35,195631,6.31,159444,169508,-14.27,425934,365138
2421,建準,-,-42.92,822116,-16.19,559876,469187,-18.82,1590670,1291303
2428,興勤,-,-47.21,439403,-38.8,379066,231959,-25.59,902285,671362
2429,銘旺科,-,2.51,53189,3.14,52862,54526,-14.32,125720,107715
2431,聯昌,-,-16.42,225786,-15.82,224174,188703,-13.65,480055,414489
2440,太空梭,-,-11.04,134953,-3.91,124951,120054,-26.14,345260,255007
2456,奇力新,-,-23.41,1256698,-3.53,997743,962463,-8.51,2425778,2219161
2457,飛宏,-,-34.96,573568,-39.28,614359,372992,-45.82,1747202,946560
2460,建通,-,-12.77,129554,-24.36,149408,113000,-44.52,437254,242554
2462,良得電,-,-54.21,270066,-40.7,208551,123663,-32.96,587349,393729
2467,志聖,-,-8.11,224620,-39.23,339661,206381,-39.69,714708,431001
2472,立隆電,-,-24.94,501824,-5.22,397388,376640,-11.56,993328,878464
2476,鉅祥,-,-20.38,356171,-9.79,314347,283564,-19.29,792705,639731
2478,大毅,-,-5.6,306091,-12.77,331238,288934,-10.62,665790,595025
2483,百容,-,-11.2,121425,-4.31,112682,107824,-21.09,290539,229249
2484,希華,-,-12.56,168875,-0.59,148533,147653,-11.1,356088,316528
2492,華新科,"2月合併營收19.1億,較1月減5.2%,與去年 2月比減 13.4% ,累計較去年同期減 28.7%,因人力短缺及營運日減少所致。",-5.17,2016556,-13.4,2208200,1912222,-28.71,5511275,3928778
2493,揚博,-,-9.69,210399,15.53,164457,190009,3.88,385421,400408
3003,健和興,-,-15.53,224367,-8.18,206402,189515,-17.53,501883,413882
3011,今皓,-,-20.84,83015,-25.49,88187,65707,-31.37,216713,148722
3015,全漢,-,-59.5,1112982,-41.98,776893,450704,-21.25,1985686,1563686
3021,鴻名,-,-39.04,211399,-12.56,147377,128855,-7.34,367213,340254
3023,信邦,-,-14.15,1554934,10.65,1206314,1334794,14.04,2533946,2889728
3026,禾伸堂,-,-23.77,1081035,4.88,785605,824015,0.88,1888246,1905050
3032,偉訓,-,-35.43,631831,0.2,407113,407951,-14.33,1213732,1039782
3037,欣興,-,-8.45,6806543,20.74,5160203,6230713,15.22,11314369,13037256
3042,晶技,去年係因市場需求下降及上班天數減少所致，本年度因客戶訂單增加，故營收較去年同期成長達57.64%,3.4,653381,57.63,428602,675645,27.88,1039206,1329026
3044,健鼎,-,-7.25,3996067,10.1,3366207,3706215,-5.49,8149877,7702282
3058,立德,-,-28.35,307843,-18.74,271450,220566,-25.81,712244,528409
3090,日電貿,-,-17.75,723542,-8.23,648522,595100,-9.14,1451357,1318642
3229,晟鈦,海外子公司之營收係以當年度平均匯率換算之,40.73,23771,21.53,27525,33453,-7.23,61688,57224
3296,勝德,-,-60.01,137241,-46.95,103446,54870,-46.86,361572,192111
3308,聯德,因武漢肺炎開工延緩致營收較去年同期減少50%以上,-69.26,21903,-64.2,18808,6732,-57.39,67206,28635
3321,同泰,-,-0.02,122703,-15.7,145523,122671,-37.14,390387,245374
3338,泰碩,-,-16.83,303406,21.99,206842,252342,0.24,554393,555748
3376,新日興,-,-35.62,1045650,38.43,486278,673168,28.15,1341220,1718818
3432,台端,係因客戶訂單減少所致,-56.89,2886,-68.23,3916,1244,-67.76,12814,4130
3501,維熹,-,-5.52,283838,3.31,259545,268157,-23.84,724840,551995
3533,嘉澤,-,-23.49,1022419,11.03,704481,782215,-15.09,2125559,1804634
3550,聯穎,-,-55.45,206598,-46.37,171612,92025,-37.8,480125,298623
3593,力銘,-,-12.65,29515,20.3,21428,25780,-24.95,73685,55295
3605,宏致,"本公司於108年7月新增子公司廣迎新工業(股)公司 ,本月合併營收金額含廣迎新工業(股)公司之營收金額",-34.66,566185,-7.33,399202,369926,-6.61,1002452,936111
3607,谷崧,"主係因新冠肺炎疫情延宕以致本公司位於江蘇及廣東子公司春節復工延遲且僅部分產線投產,產能利用率大幅減少所致",-27.98,169365,-59.7,302707,121974,-61.98,766413,291339
3645,達邁,-,0.48,118082,-10.49,132557,118651,-10.5,264530,236733
3653,健策,-,-15.71,552219,32.8,350461,465436,18.93,855663,1017655
3679,新至陞,-,-57.71,248990,-15.02,123921,105297,-8.91,388944,354287
4545,銘鈺,-,8.46,122290,21.76,108934,132645,1.86,250265,254935
4915,致伸,-,-51.62,5312893,-11.75,2912731,2570359,-5.91,8379266,7883252
4989,榮科,-,-18.82,257777,11.0,188519,209257,1.73,459085,467034
4999,鑫禾,-,-28.43,107376,-44.93,139558,76842,-33.02,275062,184218
5469,瀚宇博,無,-30.07,3014984,-21.3,2679004,2108294,-16.99,6172366,5123278
6108,競國,-,-6.16,573186,2.57,524375,537864,-9.37,1226021,1111050
6115,鎰勝,因新型冠狀毒肆虐，配合大陸當地政府停工防疫所致,-63.9,459650,-59.08,405533,165927,-37.74,1004909,625577
6133,金橋,疫情影響,-58.36,59430,-52.94,52594,24746,-46.3,156757,84176
6141,柏承,資料係自行結算數,-26.01,183120,-29.82,193064,135474,-27.19,437590,318594
6153,嘉聯益,-,-53.94,1084345,-34.89,767033,499375,-31.29,2305129,1583720
6155,鈞寶,本月較去年營收增加54.9%，主係因去年同期2月適逢農曆新年工作日數較少所致。,24.98,36760,54.89,29661,45944,1.03,81860,82704
6165,捷泰,受大陸低價競爭之影響，公司營收較去年同期衰退。,70.58,68,-38.29,188,116,-71.33,642,184
6191,精成科,-,-38.12,1654706,-27.6,1414153,1023805,-13.28,3088861,2678511
6197,佳必琪,-,-41.06,257167,-12.69,173604,151573,-14.58,478509,408740
6205,詮欣,-,-30.6,96455,-18.8,82433,66932,-27.9,226641,163387
6213,聯茂,-,-1.06,1608888,9.44,1454327,1591747,-4.76,3360669,3200635
6224,聚鼎,-,-31.4,127620,3.91,84246,87542,12.77,190792,215162
6251,定穎,子公司109年2月份人民幣營業收入以平均匯率人民幣1:4.31計算。,-11.49,1063505,11.61,843317,941257,0.08,2003031,2004762
6269,台郡,-,-13.04,1314365,27.55,896001,1142898,-14.56,2876222,2457263
6282,康舒,-,-58.91,2033104,-26.12,1130637,835291,-8.52,3135699,2868395
6412,群電,-,-38.08,2442078,-22.25,1944716,1511947,-12.75,4532030,3954025
6449,鈺邦,-,-48.27,155657,-19.45,99966,80519,7.08,220550,236176
6715,嘉基,-,-23.48,145542,-12.91,127868,111359,-35.89,400720,256901
8039,台虹,自結數尚未經會計師簽證，特此說明。,-15.01,520208,25.64,351858,442081,14.34,841561,962289
8046,南電,-,-5.33,2480951,43.35,1638299,2348603,17.9,4096136,4829554
8103,瀚荃,係本公司自結合併營收,-19.07,171928,-0.91,140418,139131,-25.0,414791,311059
8213,志超,-,-16.33,1599784,-4.44,1400638,1338395,-13.55,3398775,2938179
8249,菱光,-,-27.91,225226,-26.24,220115,162352,-40.65,653089,387578
2347,聯強,本月營收係當月自結數，前期調整數反應在本年累計營收內,-14.58,22163336,-12.35,21599476,18929971,-23.25,53102400,40752550
2414,精技,係108年春節在2月，109年春節在1月，以及客戶備貨需求所致。,-0.08,1630527,60.26,1016511,1629078,25.71,2592895,3259708
2430,燦坤,-,-24.05,1811974,-3.24,1422223,1376022,-8.27,3475567,3187996
2459,敦吉,-,-12.75,455822,-5.91,422687,397700,-21.9,1092881,853522
3010,華立,-,-24.34,4272418,1.74,3176868,3232286,-1.56,7623828,7504704
3028,增你強,-,-0.83,1840283,-0.1,1826836,1824848,-14.1,4266965,3665131
3033,威健,-,-1.4,3152664,16.71,2663125,3108265,-4.3,6542286,6260929
3036,文曄,-,-29.79,24737890,-6.86,18647002,17367081,-6.07,44829712,42104971
3048,益登,-,-19.71,7301339,42.34,4118111,5861779,14.16,11529744,13163118
3055,蔚華科,-,-0.29,157409,-24.8,208711,156939,-13.05,361532,314348
3209,全科,108年2月因春節關係故營業收入較低,-6.1,3242974,76.04,1729553,3044833,14.14,5508760,6287807
3312,弘憶股,"因108年2月適逢春節,其營業日相較109年2月份少,故營業額差異較大",6.8,909037,50.58,644765,970921,18.6,1585087,1879958
3528,安馳,高階整合方案出貨量增加,-11.62,389910,75.27,196589,344564,27.57,575741,734474
3702,大聯大,-,-5.59,39617441,26.29,29615153,37402364,8.32,71099636,77019805
5434,崇越,-,0.7,2795200,47.91,1903165,2815017,24.8,4495122,5610217
6189,豐藝,-,-22.09,1726060,10.21,1219990,1344644,0.76,3047400,3070704
6281,全國電,-,-27.39,1711438,3.48,1200797,1242597,5.74,2793570,2954035
8070,長華*,-,2.76,1174211,20.27,1003259,1206664,4.87,2270271,2380875
8072,陞泰,1月因農曆年節假期未出貨之訂單遞延至2月出貨,69.4,43063,61.34,45212,72949,3.14,112474,116014
8112,至上,去年同期適逢農曆過年，本期下游伺服器客戶需求暢旺，及部分客戶因應記憶體價格波動提前備貨，致使本期營收成長。,27.31,8333328,108.47,5089275,10609791,42.32,13309516,18943119
2427,三商電,-,-26.93,149467,-13.14,125728,109202,-30.45,371964,258669
2453,凌群,-,-8.24,341884,1.28,309717,313705,3.76,631819,655589
2468,華經,本月有大型專案完成驗收，認列收入,17.03,188630,101.98,109292,220755,84.87,221441,409385
2471,資通,-,4.76,55857,14.61,51057,58519,13.01,101200,114376
2480,敦陽科,-,-29.27,508996,-21.36,457778,359967,-8.45,949261,868963
3029,零壹,去年同期 2 月遇春節假期，本年度2月營運天數正常故帶動營收成長。,3.01,798891,50.72,546013,822998,26.11,1286086,1621889
3130,一零四,-,22.72,116417,28.55,111133,142872,13.79,227857,259289
4994,傳奇,-,-13.85,298628,-12.06,292548,257244,-5.53,588421,555872
5203,訊連,-,-16.86,134458,12.82,99072,111779,20.35,204597,246237
6112,聚碩,-,-2.47,1076464,13.89,921744,1049785,9.19,1947132,2126249
6183,關貿,-,-26.52,151164,-1.6,112877,111062,13.01,232027,262226
6214,精誠,營收增加主係2月營業天數較去年長，公司各事業體營收均有成長。,4.04,1947370,64.36,1232773,2026187,21.02,3283383,3973557
2312,金寶,-,-9.58,10036196,-12.02,10314557,9073910,-16.35,22846333,19110106
2317,鴻海,-,-40.35,364565505,-18.13,265632525,217460379,-14.37,679727542,582025884
2354,鴻準,-,-72.53,4849386,-48.05,2564452,1332001,-12.56,7069999,6181387
2359,所羅門,-,-16.11,232049,-30.51,280126,194651,-28.61,597743,426700
2360,致茂,-,-12.68,1040895,13.39,801500,908829,10.62,1762456,1949724
2373,震旦行,本月因新冠病毒疫情影響，大陸營收減少。,-55.34,1029429,-52.1,959857,459712,-30.96,2157148,1489141
2390,云辰,-,-9.31,46281,-19.06,51853,41969,-27.42,121605,88250
2404,漢唐,-,24.2,1943558,30.4,1851162,2414034,-7.35,4703759,4357592
2423,固緯,-,35.83,147857,24.1,161842,200847,2.48,340256,348704
2433,互盛電,-,-19.85,355189,-16.38,340450,284660,-9.25,705090,639849
2461,光群雷,-,-28.07,396253,-19.72,355037,284997,-6.73,730461,681250
2464,盟立,-,-8.83,737885,-37.33,1073343,672658,-37.39,2253235,1410543
2474,可成,-,-74.44,7910613,-41.29,3443737,2021545,18.83,8355910,9929889
2477,美隆電,因受新冠疫情影響大陸廠停工多日,-75.02,280907,-55.14,156430,70162,-19.25,434779,351069
2482,連宇,-,-18.49,97576,23.11,64599,79529,19.98,147602,177105
2488,漢平,中國大陸廠區受到新型冠狀肺炎疫情延遲復工影響，致營收較去年同期減少。,-45.78,96225,-58.98,127176,52164,-55.82,335891,148389
2495,普安,-,10.79,79868,5.13,84166,88489,-24.05,221669,168357
3018,同開,-,-52.02,141760,38.61,49067,68014,37.32,152760,209774
3030,德律,-,2.54,298294,17.39,260560,305897,-9.66,668842,604191
3043,科風,-,-20.41,68960,36.36,40247,54882,-19.86,154533,123842
3305,昇貿,-,-25.31,364414,-12.88,312382,272146,-21.17,807585,636560
3450,聯鈞,-,-15.9,396387,-20.37,418647,333350,-20.98,923552,729737
3518,柏騰,因中國大陸廠區受到新型冠狀肺炎疫情延燒推遲復工等影響，致營收較去年同期減少。,-58.22,32232,-63.29,36691,13466,-40.02,76189,45698
3617,碩天,-,-23.46,759380,6.85,543951,581216,12.17,1195123,1340596
6139,亞翔,受農曆春節假期及新冠肺炎疫情嚴重大陸地區延遲復工等影響，致營收相對減少。,-22.6,935538,-17.26,875077,724024,-53.85,3596565,1659562
6192,巨路,-,4.28,386140,11.47,361240,402684,-15.42,932684,788824
6196,帆宣,-,-17.33,2014471,2.71,1621147,1665218,-9.87,4082883,3679689
6201,亞弘電,春節,-32.64,205706,52.88,90623,138545,-38.5,559831,344251
6215,和椿,-,18.16,83532,7.08,92169,98703,-11.13,205066,182235
6283,淳安,本月營收大幅下降主因係新冠肺炎疫情影響，大陸子公司復工展延，整體2月工作天數大幅減少所致。,-71.39,75902,-58.08,51787,21709,-31.63,142780,97611
6409,旭隼,-,-43.81,918289,-30.18,738921,515910,-21.47,1826371,1434199
6558,興能高,受大陸新冠肺炎疫情影響，本公司之大陸子公司配合當地政府防疫要求自2/17甫復工，致使營收較去年同期減少。,-65.47,100059,-59.19,84658,34544,-53.85,291723,134603
6698,旭暉應材,新冠肺炎疫情影響營收減少,86.49,32231,63.51,36761,60109,-27.87,128024,92340
8021,尖點,-,-17.32,201932,-5.29,176285,166944,-14.35,430679,368875
8201,無敵,-,12.65,81815,-27.13,126487,92171,-36.47,273874,173986
2616,山隆,-,-6.68,1486356,18.21,1173263,1386939,5.6,2720853,2873294
6505,台塑化,-,-21.39,58111986,-12.87,52428849,45676980,-9.17,114271041,103788966
8926,台汽電,依工程進度認列收入較去年同期增加。,40.94,630684,1643.37,50989,888932,327.98,355066,1519616
9908,大台北,-,0.56,352378,-0.66,356739,354384,-8.23,770152,706762
9918,欣天然,-,-12.21,246744,0.01,216566,216593,1.31,457329,463337
9926,新海,-,4.95,224004,14.68,205005,235108,2.89,446183,459111
9931,欣高,-,3.87,127113,5.88,124694,132038,0.01,259100,259151
9937,全國,-,-16.88,1920741,-1.49,1620769,1596465,0.52,3498959,3517206
1316,上曜,-,27.47,30363,13.09,34224,38705,-19.58,85891,69068
1436,華友聯,-,-78.73,265215,-35.46,87388,56395,-10.82,360642,321610
1438,三地開發,"109年累計銷售商品2仟元,108年累計銷售商品3仟元,故營收變化大。",-100.0,2,-100.0,1,0,-33.33,3,2
1442,名軒,-,119.67,20427,-5.03,47250,44873,-46.41,121871,65300
1805,寶徠,前期累計營收較高主要係認列之青埔-寶徠花園案收入較多所致。,36100.0,4,44.22,1004,1448,-90.94,16040,1452
1808,潤隆,本月營收變動主要係本公司營建收入與去年同期認列之差異。,1469.6,12895,-3.32,209359,202400,-58.72,521569,215295
2501,國建,-,37.5,275949,-44.39,682412,379440,-48.79,1279899,655389
2504,國產,福建水泥108/10起不列入合併主體，本月影響數0.48億，本年累計影響數2.94億，排除該影響，營收同期增加69.07%，累計增加9.88%。,-13.51,1356804,58.03,742504,1173452,-2.56,2596836,2530256
2505,國揚,"本年度營建收入112,659仟元，租賃收入1,908仟元。",-35.25,69543,-22.38,58009,45024,95.2,58690,114567
2506,太設,-,-21.99,63382,-14.54,57857,49439,-2.74,116004,112821
2509,全坤建,"本年累計營收較去年同期累計減少,主要係認列餘屋銷售所致.",71.53,57855,-34.37,151228,99242,-67.94,490080,157097
2511,太子,-,-4.47,852850,-4.31,851409,814702,-11.2,1878080,1667552
2515,中工,-,-13.93,1005286,-13.57,1001094,865204,-15.03,2201507,1870490
2516,新建,因多個工地已趨近完工，故累計營收較去年同期減少。,12.38,289486,-37.46,520219,325325,-50.48,1241553,614811
2520,冠德,109年2月營業收入較去(108)年同期增加達50%以上，主係營造部門新承攬081B、091B等案陸續動工所致。,42.45,857575,66.83,732258,1221682,-5.05,2189980,2079257
2524,京城,"本月因銷售狀況比較去年同期為佳, 致單月比較去年成長率較高。",-32.02,754809,264.18,140885,513087,301.83,315524,1267896
2527,宏璟,-,-21.39,229906,-5.4,191053,180728,-2.69,422009,410634
2528,皇普,主係109年02月認列租賃收入21仟元所致。,0.0,21,-84.44,135,21,-84.38,269,42
2530,華建,"本年度出售房地收入較去年度減少2,000仟元,本年度租金收入較去年度同期增加223仟元.",-8.82,793,13.5,637,723,-53.96,3293,1516
2534,宏盛,-,160.47,115067,8.42,276424,299720,-46.25,771758,414787
2535,達欣工,-,19.39,658537,14.16,688680,786237,-2.29,1478737,1444774
2536,宏普,"今年本期餘屋銷售交屋量較去年同期增加,因此營收較多",198.71,177729,500.54,88404,530907,208.95,229362,708636
2537,聯上發,本月(本期)較去年同月(同期)營收減少，係本月(本期)新北市銷售交屋金額減少所致。,-8.92,21016,-51.14,39178,19141,-60.14,100759,40157
2538,基泰,"本期較去年同期增加,係因本期出售餘屋",41.84,36361,342.6,11653,51577,276.06,23384,87938
2539,櫻花建,無異常。本月有「櫻花孩子王」、「櫻花青上森」建案陸續過戶中。,-1.42,342160,806.91,37192,337298,595.31,97720,679458
2540,愛山林,本月營收增加，主係不動產代銷個案銷售成長暨營建個案完工入帳所致。,-8.77,302951,269.36,74823,276372,230.5,175283,579323
2542,興富發,本月較去年同期減少，主要係去年同期認列「台科段」及「福德段」等建案完工並完成產權移轉所致。,-8.67,558692,-79.9,2538786,510233,-76.69,4586997,1068925
2543,皇昌,"去年2月適逢春節期間,致本期營收較去年同期增加",22.5,357976,62.57,269750,438554,17.2,679583,796530
2545,皇翔,本公司2月份營收較去年同期增加，係因成屋銷售情形較佳所致。,15.36,248365,367.53,61282,286514,110.49,254100,534879
2546,根基,-,26.71,727993,14.16,808046,922466,-13.64,1911247,1650459
2547,日勝生,-,-0.73,490618,28.14,380019,486994,4.95,931423,977612
2548,華固,本公司截至2月底累計營收較去年同期增加，係因本期認列交屋金額較高所致。,18.7,391997,148.23,187450,465309,22.81,698073,857306
2597,潤弘,主係業務正於大量施工階段，以致本月營收較去年同期增加。,17.57,762123,88.11,476336,896053,43.19,1158004,1658176
2841,台開,-,-35.13,41222,-12.91,30701,26737,9.48,62073,67959
3052,夆典,主係本期營造工程收入較去年同期增加,-6.65,170346,28.26,123967,159005,75.06,188128,329351
3056,總太,本月營收增加係個案織築完工交屋所致,112.33,401588,4230.85,19689,852702,4975.22,24714,1254290
3266,昇陽,因營建收入受政策、全部完工法及建案規模不同等影響，故營收波動較大。,100.33,90358,231.27,54642,181017,125.08,120565,271375
3703,欣陸,-,-41.22,1808202,-16.76,1276686,1062686,-12.96,3298372,2870888
5515,建國,因季節性(農曆春節)因素，今年度2月工作日較多，故單月營收成長,-28.27,550354,56.65,251995,394764,9.19,865528,945118
5519,隆大,本年累計較去年累計減少主係因自建案部份僅餘屋銷售過戶，故認列收入較少所致。,166.99,58429,-7.08,167902,156005,-51.1,438603,214434
5521,工信,109年2月份營收增加原因為：1.去年同期逢春節連假，故營收較少。2.本月部分工程合約追加變更完成補計價，故收入較多。,63.66,208164,89.91,179387,340689,21.99,449895,548853
5522,遠雄,上月因售地收入入帳，致本年累計營收較去年增加,-70.36,3594956,33.38,798587,1065206,133.38,1996780,4660162
5525,順天,母公司本月主要營收為租賃收入,101.01,74884,21.92,123453,150526,-64.49,634953,225409
5531,鄉林,建設業之銷售進度及狀況深受景氣榮枯及市場現狀影響，且建築個案之完工時間並非固定時點，故月營收的表現上會有較大之波動。,-12.39,152044,-20.47,167486,133198,-37.01,452861,285242
5533,皇鼎,本月營收較去年同期減少達50%以上，係兩期個案營收組成因子不同。,-52.33,106947,-66.05,150171,50973,-49.69,313899,157920
5534,長虹,本月較去年同期減少，係因「天薈」、「陶都」個案減少完成產權移轉予客戶認列收入所致。,-40.24,1017578,-39.07,998054,608059,-20.72,2050704,1625637
6177,達麗,本月及本年累計營收均較去年同期增加，主係本期成屋銷售過戶量較去年同期增加所致。,41.96,134425,226.17,58510,190843,414.98,63161,325268
9906,欣巴巴,因有個案銷售認列收入。,78618.18,11,78618.18,11,8659,39309.09,22,8670
9946,三發地產,本月營收較去年同期減少29103萬(-64.65%),-23.4,207738,-64.65,450156,159125,-69.38,1198353,366863
2208,台船,主因艦艇業務依進度列營收所致,2.32,1826696,123.19,837454,1869129,80.38,2048859,3695824
2603,長榮,-,-20.52,16561235,-7.74,14266750,13162358,-4.4,31092675,29723594
2605,新興,-,-18.4,458369,20.73,309762,373995,26.69,657834,833428
2606,裕民,-,-16.03,691117,-4.22,605848,580281,-7.92,1380805,1271398
2607,榮運,-,-6.7,604037,-0.13,564278,563522,-5.4,1234295,1167559
2608,嘉里大榮,-,1.71,939590,44.16,662929,955725,3.94,1823402,1895315
2609,陽明,-,-33.19,14152198,-10.19,10527099,9454224,0.89,23397305,23606422
2610,華航,-,-36.74,14768150,-24.86,12433705,9342059,-9.74,26712638,24110209
2611,志信,-,-21.91,62537,-22.55,63057,48835,-19.26,137955,111372
2612,中航,-,-10.08,284599,-8.53,279793,255903,-14.34,631000,540502
2613,中櫃,-,-14.08,226563,14.91,169389,194646,1.22,416101,421209
2615,萬海,-,-23.89,6587073,-1.44,5086266,5012798,3.84,11170694,11599871
2617,台航,-,-10.46,220254,-11.37,222540,197215,-14.68,489350,417469
2618,長榮航,-,-39.32,14593152,-34.6,13540049,8853867,-20.55,29514758,23447019
2630,亞航,-,-24.16,294362,5.37,211829,223220,-5.52,547873,517582
2633,台灣高鐵,受疫情影響，運量減少所致。,-39.09,4488704,-31.86,4012567,2733939,-7.17,7780629,7222643
2634,漢翔,-,-3.11,1894406,9.01,1683603,1835402,2.57,3636109,3729807
2636,台驊投控,-,-49.1,975038,-16.92,597315,496213,-11.25,1657834,1471251
2642,宅配通,-,-15.31,359753,14.42,266247,304655,6.33,624834,664408
5607,遠雄港,-,-2.08,136558,15.76,115508,133717,0.35,269306,270275
5608,四維航,-,-17.23,241508,-31.88,293429,199875,-31.19,641463,441383
8367,建新國際,無,-4.86,157164,44.83,103230,149518,23.34,248630,306682
2701,萬企,本月營業收入減少係育樂收入之影院收入減少,-2.94,27400,-7.01,28598,26593,-1.82,54996,53993
2702,華園,-,-9.91,120850,18.48,91878,108865,36.21,168641,229715
2704,國賓,-,-55.83,322930,-44.49,256959,142625,-16.11,554983,465555
2705,六福,-,-42.71,166117,-47.28,180524,95155,-21.45,332636,261273
2706,第一店,-,-11.58,27984,-10.55,27662,24743,-4.4,55158,52727
2707,晶華,-,-44.89,687689,-29.02,533934,378955,-9.15,1174111,1066644
2712,遠雄來,-,-33.7,46650,-20.26,38784,30925,21.0,64111,77575
2722,夏都,-,-30.23,64741,-31.59,66026,45166,-4.38,114948,109906
2727,王品,-,-44.08,1408682,-46.81,1480827,787600,-23.46,2869781,2196282
2731,雄獅,-,-33.45,2441590,-37.68,2607481,1624781,-10.43,4540318,4066371
2739,寒舍,-,-58.57,433859,-48.73,350572,179709,-22.24,789111,613569
2748,雲品,-,-57.4,285515,-32.1,179113,121610,-8.94,447137,407125
5706,鳳凰,-,78.89,119788,-22.34,275944,214290,-9.0,367143,334078
8462,柏文,-,0.08,288646,12.26,257332,288902,5.09,549524,577548
8940,新天地,本月較去年同期減少係因去年農曆春節落在2月份，及大陸新冠肺炎疫情影響。另因大吾疆公司股權出售，合併營收不包含大吾疆公司。,-79.08,256660,-61.27,138668,53693,-23.01,403145,310353
9943,好樂迪,-,-31.34,336797,-24.21,305121,231235,-3.42,588191,568032
2801,彰銀,-,-0.11,2577265,15.28,2233035,2574278,-5.35,5442961,5151543
2809,京城銀,-,11.48,736655,2.51,801109,821277,-14.34,1818770,1557932
2812,台中銀,-,-1.33,954284,-1.88,959671,941540,-7.43,2048023,1895824
2816,旺旺保,-,-11.49,656205,-2.68,596823,580799,-6.33,1320694,1237004
2820,華票,-,6.32,200805,40.78,151656,213511,28.0,323682,414315
2823,中壽,-,-16.26,24598082,-10.59,23036421,20595990,-28.03,62795797,45194071
2832,台產,-,-3.1,439568,-0.79,429318,425923,-0.76,872190,865490
2834,臺企銀,-,-8.83,1918832,-3.66,1815834,1749297,-12.16,4176155,3668129
2836,高雄銀,-,-20.36,390364,14.24,272102,310855,9.26,641741,701219
2838,聯邦銀,-,-9.71,1165921,-0.43,1057327,1052700,-4.05,2312408,2218621
2845,遠東銀,-,-9.56,1060043,12.89,849143,958616,-0.26,2023948,2018659
2849,安泰銀,-,-8.43,527754,1.42,476414,483221,1.11,999702,1010896
2850,新產,-,-0.53,1254054,1.82,1225046,1247346,-1.38,2536569,2501400
2851,中再保,-,-25.84,1793467,-4.98,1399738,1329963,10.21,2833859,3123430
2852,第一保,-,2.84,418952,-17.12,519883,430867,-28.92,1195672,849818
2855,統一證,本月營收減少，主要為肺炎疫情造成市場波動，導致本月份交易部位操作獲利減少所致。,41.3,340723,-46.69,903156,481468,-41.9,1415299,822191
2867,三商壽,-,-33.19,15805989,-19.4,13101153,10559363,-19.83,32889467,26365352
2880,華南金,-,-14.62,4079909,0.8,3455301,3483265,-4.46,7916460,7563174
2881,富邦金,-,-35.68,57452927,41.49,26113779,36950131,15.13,81992822,94403058
2882,國泰金,本年累計營業收入淨額較去年同期增加，主係保險業務淨收益增加所致。,-25.19,63676813,23.7,38505174,47632274,52.82,72832515,111309087
2883,開發金,-,-19.29,18573953,-9.1,16491797,14990134,-28.64,47040990,33564087
2884,玉山金,-,-7.54,4921019,16.11,3918140,4549640,6.28,8910889,9470659
2885,元大金,-,-21.5,9794379,6.1,7245373,7687754,3.71,16855607,17482133
2886,兆豐金,-,3.1,4517222,-6.37,4974440,4657431,-16.29,10960244,9174653
2887,台新金,-,-11.31,4017351,14.66,3107058,3562607,2.38,7403397,7579958
2888,新光金,-,-25.18,30611195,32.36,17302630,22902435,8.91,49132573,53513630
2889,國票金,-,29.09,439339,47.2,385272,567143,0.48,1001584,1006482
2890,永豐金,-,-33.07,4140388,6.71,2596705,2771129,3.89,6652174,6911517
2891,中信金,-,-18.93,27536085,-7.9,24237554,22321250,-11.7,56469839,49857335
2892,第一金,-,-21.08,5862268,2.62,4507984,4626292,4.62,10025142,10488560
2897,王道銀行,-,-11.03,675805,-17.51,728887,601205,-14.09,1486514,1277010
5876,上海商銀,-,-1.01,3432016,12.85,3009973,3397046,9.39,6242649,6829062
5880,合庫金,-,-6.48,4061295,3.91,3654702,3797722,-2.99,8101953,7859017
6005,群益證,-,39.48,376297,-9.8,581954,524865,-26.33,1223310,901163
6024,群益期,主係本期經紀手續費收入以及香港子公司期貨佣金收入較去年同期增加。,35.61,143027,63.27,118801,193971,14.45,294438,336998
1432,大魯閣,-,-30.95,103967,-34.62,109804,71789,-12.57,201025,175756
2601,益航,受COVID-19病毒疫情影響，大洋百貨各店於1月底起暫停營業，至2月中才陸續恢復營業，截至2月底仍有7家店尚在停業中,-74.86,689483,-72.53,630901,173300,-39.37,1423137,862783
2614,東森,本期營收超過50%，係因東森寵物雲及其子公司營收增加所致。,-12.36,379768,122.64,149483,332818,60.99,442610,712585
2901,欣欣,-,-14.49,11162,-9.44,10540,9544,-4.12,21597,20706
2903,遠百,-,-36.82,3479285,-23.5,2873460,2197949,-6.46,6069948,5677234
2905,三商,-,-37.18,23065333,-23.69,18986163,14487433,-16.34,44890850,37552766
2906,高林,-,-25.19,593877,-0.91,448322,444227,-10.47,1159605,1038104
2908,特力,-,-23.55,3261228,-12.18,2839021,2493071,-16.14,6862285,5754299
2910,統領,-,-32.88,52006,-2.09,35652,34905,26.01,68968,86911
2911,麗嬰房,-,-48.28,423514,-44.33,393459,219033,-31.08,932396,642547
2912,統一超,-,-12.8,22704519,1.76,19454060,19797798,5.26,40377714,42502318
2913,農林,-,-13.08,23884,-24.03,27325,20758,-9.33,49239,44642
2915,潤泰全,-,-29.01,278127,-18.06,240961,197439,-21.64,606965,475566
8443,阿瘦,-,-39.49,147000,-36.29,139616,88942,-18.59,289833,235942
8454,富邦媒,-,0.49,4928582,39.95,3539199,4953148,26.34,7821453,9881730
1342,八貫,營業日數增加,10.47,121261,93.06,69389,133966,28.43,198722,255227
1416,廣豐,-,-7.26,18109,-11.38,18951,16793,-7.01,37534,34901
1435,中福,-,-7.27,1265,-35.19,1810,1173,-32.44,3609,2438
1437,勤益控,-,-57.96,94623,-3.88,41382,39775,-9.62,148715,134398
1516,川飛,主係客戶採購量增加所致,1.71,88122,323.67,21157,89637,304.53,43942,177759
2062,橋椿,-,-5.07,464905,8.63,406229,441327,-12.23,1032614,906232
2348,海悅,本月及本年度增減百分比達50％以上，係因個案銷售狀況良好。,3.53,169805,119.99,79911,175803,172.4,126874,345608
2358,廷鑫,-,22.26,76016,37.42,67626,92938,-0.86,170425,168954
2443,億麗,因大宗物資訂單變動及原列入合併營收之Chung Hong Electronics Poland Sp. z o. o 喪失控制權不列入，營業收入因而產生差異。,695.24,15198,65.75,72916,120862,-15.56,161148,136060
2496,卓越,-,-11.68,70252,-23.09,80678,62045,0.13,132124,132297
2514,龍邦,自108年03月起併入瑞助營造(股)及其子公司,15.7,386426,5693.27,7718,447125,4476.93,18212,833551
2904,匯僑,-,10.65,39332,-0.96,43948,43522,-2.59,85057,82854
3040,遠見,-,-27.29,12169,-38.63,14418,8847,-39.12,34523,21015
3557,嘉威,因併購致合併營收較去年同期增加，惟因應大陸武漢新型冠狀病毒肺炎疫情延後開工，致2月出貨天數較少，故營收較上月減少。,-68.17,778789,13671.44,1800,247886,12358.13,8241,1026675
4536,拓凱,-,-39.1,524674,-11.07,359287,319487,-25.3,1130170,844161
6184,大豐電,-,0.01,165726,-1.57,168405,165759,-1.33,335966,331485
6464,台數科,-,-1.65,357931,48.75,236626,352001,49.09,476174,709932
6504,南六,-,-13.2,465552,-6.11,430395,404064,-16.86,1046014,869616
6581,鋼聯,-,38.32,77883,-23.38,140606,107730,-37.1,295125,185613
6592,和潤企業,-,-2.57,998990,7.99,901265,973314,3.46,1906240,1972304
6625,必應,因本期參與製作之演製活動等較去年同期減少所致,-67.83,75170,-71.95,86221,24179,-46.16,184533,99349
6655,科定,-,-15.18,86885,-19.56,91612,73691,-40.7,270805,160576
6670,復盛應用,-,-65.85,1729254,-38.62,962161,590490,-17.23,2802828,2319744
6754,匯僑設計,-,-20.32,256177,37.74,148182,204111,-6.32,491371,460288
8033,雷虎,-,-2.73,75030,27.25,57348,72981,15.49,128170,148028
8341,日友,-,-14.75,230061,16.52,168291,196107,9.16,390395,426168
8422,可寧衛,-,3.39,195476,-4.43,211492,202107,-14.69,466081,397583
8463,潤泰材,-,4.35,207321,13.37,190838,216359,-8.23,461683,423680
8464,億豐,-,-18.88,1702668,-5.08,1455122,1381185,-8.18,3358926,3083853
8473,山林水,-,8.36,323826,17.55,298497,350912,-8.4,736619,674738
8478,東哥遊艇,主係認列遊艇銷貨收入增加所致,-42.91,79707,167.37,17017,45500,272.35,33626,125207
8481,政伸,-,-14.11,92183,37.67,57502,79168,1.04,169577,171352
9902,台火,本月營收較去年同期增加主要係因投標車輛及進口汽車本月營收較去年同期增加所致,970.87,1411,1382.82,1019,15110,6.95,15447,16521
9904,寶成,-,-51.33,26432753,-38.22,20821554,12862330,-20.41,49374237,39295083
9905,大華,-,16.09,393347,-13.9,530368,456638,-32.62,1261592,849985
9907,統一實,-,-27.83,2064824,-19.58,1853053,1490145,-26.38,4828816,3554969
9910,豐泰,合併營收為本公司自結數,-5.72,5917516,20.3,4637221,5578824,5.72,10873762,11496340
9911,櫻花,-,-17.12,588192,40.76,346289,487468,12.68,954566,1075660
9914,美利達,-,-0.26,1682048,-3.06,1730609,1677596,-10.32,3746287,3359645
9917,中保科,-,1.96,1092478,6.02,1050629,1113926,0.31,2199524,2206404
9919,康那香,-,-10.16,376518,29.76,260650,338245,5.14,679795,714763
9921,巨大,-,-16.66,4748125,-2.09,4041264,3956746,-1.8,8865211,8704871
9924,福興,-,-25.31,655642,17.77,415748,489665,-8.65,1253868,1145307
9925,新保,-,1.28,581216,0.7,584586,588708,-0.08,1170939,1169924
9927,泰銘,-,20.22,645871,28.65,603560,776502,2.36,1389567,1422373
9928,中視,-,-38.42,72323,12.27,39664,44531,11.09,105183,116854
9929,秋雨,-,-27.53,121971,-1.24,89498,88384,4.0,202248,210355
9930,中聯資源,本月營收較去年同期增加51.63%，主因108年2月適逢春節假期工作天數減少所致。,29.15,695196,51.63,592171,897914,-1.24,1613222,1593110
9933,中鼎,-,12.01,3328537,-28.53,5217052,3728619,-15.19,8321305,7057156
9934,成霖,-,-18.6,1420655,-0.55,1162841,1156365,-8.44,2814604,2577020
9935,慶豐富,-,-17.28,322467,7.5,248102,266714,-17.34,712807,589181
9938,百和,-,56.41,958811,12.0,1338991,1499752,-5.56,2603484,2458563
9939,宏全,-,-25.06,1556865,-14.11,1358452,1166670,-9.13,2997275,2723535
9940,信義,-,23.9,593817,0.16,734577,735788,-23.38,1735383,1329604
9941,裕融,-,-8.13,2424623,16.55,1911024,2227332,14.39,4066540,4651955
9942,茂順,-,-18.24,193210,-17.29,190988,157955,-22.96,455823,351165
9944,新麗,-,-8.22,182672,-12.3,191180,167653,-28.97,493244,350325
9945,潤泰新,主係本公司建案交屋認列及子公司潤弘業務正於大量施工階段，以致本月營收較去年同期增加。,17.48,1168710,61.45,850381,1373005,13.28,2243619,2541715
9955,佳龍,-,-3.71,126050,6.07,114414,121361,-15.87,294084,247411
全部國內上市公司合計,全部國內上市公司合計,,-21.49,2413882170,-3.98,1973747770,1895136283,-8.11,4688991784,4308668079
